ID_Transaccion,Fecha,Nombre_Medicamento,Categoria,Proveedor,Cantidad_Vendida,Precio_Unitario_EUR,Costo_Unitario_EUR,Ingreso_Total_EUR,Stock_Restante
1,2025-05-20,Loratadina 10mg,Antihistamínicos,Medisuministros,4,46.37,34.6,185.48,95
2,2025-06-11,Crema Hidratante,Cuidado Personal,FarmaGlobal,5,32.02,23.09,160.1,135
3,2025-05-09,Loratadina 10mg,Antihistamínicos,Quimica Sur,1,67.63,42.89,67.63,24
4,2024-12-05,Ibuprofeno 600mg,Antiinflamatorios,FarmaGlobal,4,35.9,27.65,143.6,84
5,2024-10-03,Protector Solar SPF50,Cuidado Personal,FarmaGlobal,4,55.91,40.05,223.64,67
6,2024-08-04,Enjuague Bucal,Higiene Bucal,Quimica Sur,4,58.15,34.3,232.6,95
7,2025-01-20,Loratadina 10mg,Antihistamínicos,SaludVital,5,74.45,58.03,372.25,57
8,2025-06-02,Protector Solar SPF50,Cuidado Personal,FarmaGlobal,3,33.21,19.52,99.63,157
9,2025-04-06,Protector Solar SPF50,Cuidado Personal,Quimica Sur,4,16.09,11.65,64.36,76
10,2025-02-10,Loratadina 10mg,Antihistamínicos,SaludVital,5,49.32,27.07,246.6,191
11,2025-02-28,Crema Hidratante,Cuidado Personal,Quimica Sur,4,72.54,51.72,290.16,141
12,2025-03-26,Tiras Reactivas Glucosa,Equipos de Medición,FarmaGlobal,3,8.88,5.81,26.64,14
13,2024-07-12,Salbutamol Inhalador,Asma,BioGen Distribuciones,2,66.84,36.16,133.68,23
14,2025-03-13,Ibuprofeno 600mg,Antiinflamatorios,BioGen Distribuciones,3,78.5,43.72,235.5,70
15,2024-09-24,Protector Solar SPF50,Cuidado Personal,FarmaGlobal,1,26.88,16.7,26.88,57
16,2024-11-05,Metformina 850mg,Diabetes,FarmaGlobal,5,37.11,26.28,185.55,122
17,2024-07-05,Vitamina C 1000mg,Vitaminas,BioGen Distribuciones,3,74.12,43.46,222.36,62
18,2025-03-02,Jarabe para la Tos,Resfriado y Gripe,Quimica Sur,1,55.67,31.06,55.67,192
19,2025-03-06,Diazepam 5mg,Ansiolíticos,BioGen Distribuciones,3,59.88,38.66,179.64,30
20,2025-06-09,Salbutamol Inhalador,Asma,FarmaGlobal,3,74.15,55.76,222.45,182
21,2024-06-28,Tiras Reactivas Glucosa,Equipos de Medición,Quimica Sur,4,47.56,32.4,190.24,28
22,2025-05-14,Omeprazol 20mg,Protectores Gástricos,Medisuministros,2,77.2,43.76,154.4,130
23,2024-09-13,Paracetamol 500mg,Analgésicos,BioGen Distribuciones,3,56.62,34.64,169.86,172
24,2025-05-14,Ibuprofeno 600mg,Antiinflamatorios,Medisuministros,3,14.79,11.77,44.37,64
25,2024-10-14,Vitamina C 1000mg,Vitaminas,SaludVital,1,5.65,4.11,5.65,110
26,2024-11-26,Salbutamol Inhalador,Asma,Quimica Sur,1,32.57,25.89,32.57,33
27,2025-02-25,Crema Hidratante,Cuidado Personal,Quimica Sur,3,26.39,18.54,79.17,128
28,2024-08-03,Protector Solar SPF50,Cuidado Personal,Quimica Sur,5,28.33,20.67,141.65,184
29,2024-09-15,Crema Hidratante,Cuidado Personal,SaludVital,5,35.68,24.01,178.4,167
30,2024-09-09,Vitamina C 1000mg,Vitaminas,Medisuministros,1,31.59,20.81,31.59,17
31,2024-09-19,Loratadina 10mg,Antihistamínicos,FarmaGlobal,4,4.23,2.55,16.92,173
32,2024-09-09,Metformina 850mg,Diabetes,Medisuministros,5,47.21,33.61,236.05,94
33,2025-05-17,Loratadina 10mg,Antihistamínicos,Quimica Sur,4,34.39,22.45,137.56,33
34,2024-10-07,Atorvastatina 20mg,Colesterol,SaludVital,3,51.26,34.82,153.78,162
35,2024-12-14,Ibuprofeno 600mg,Antiinflamatorios,BioGen Distribuciones,1,29.78,17.74,29.78,13
36,2024-10-19,Loratadina 10mg,Antihistamínicos,FarmaGlobal,4,52.17,39.44,208.68,46
37,2024-08-04,Crema Hidratante,Cuidado Personal,SaludVital,4,28.94,20.79,115.76,96
38,2025-02-12,Ibuprofeno 600mg,Antiinflamatorios,FarmaGlobal,1,79.39,48.13,79.39,176
39,2024-10-23,Atorvastatina 20mg,Colesterol,FarmaGlobal,1,14.89,9.84,14.89,150
40,2025-05-13,Salbutamol Inhalador,Asma,SaludVital,5,5.78,4.15,28.9,71
41,2024-09-15,Vitamina C 1000mg,Vitaminas,SaludVital,2,45.83,27.98,91.66,36
42,2024-10-10,Paracetamol 500mg,Analgésicos,Quimica Sur,5,19.17,13.6,95.85,57
43,2024-09-11,Paracetamol 500mg,Analgésicos,BioGen Distribuciones,4,10.33,5.93,41.32,146
44,2025-05-04,Paracetamol 500mg,Analgésicos,FarmaGlobal,2,35.17,25.39,70.34,108
45,2025-02-09,Vitamina C 1000mg,Vitaminas,FarmaGlobal,3,32.12,19.6,96.36,99
46,2024-11-16,Enjuague Bucal,Higiene Bucal,SaludVital,4,70.0,48.58,280.0,166
47,2025-04-10,Enjuague Bucal,Higiene Bucal,FarmaGlobal,1,18.07,11.5,18.07,95
48,2024-11-22,Paracetamol 500mg,Analgésicos,Medisuministros,2,54.3,41.5,108.6,150
49,2024-07-14,Paracetamol 500mg,Analgésicos,Medisuministros,4,9.53,5.66,38.12,45
50,2025-06-25,Tiras Reactivas Glucosa,Equipos de Medición,BioGen Distribuciones,1,45.78,36.48,45.78,79
51,2025-06-16,Atorvastatina 20mg,Colesterol,Medisuministros,1,17.04,11.18,17.04,165
52,2024-08-26,Protector Solar SPF50,Cuidado Personal,SaludVital,5,67.63,39.15,338.15,16
53,2024-11-16,Jarabe para la Tos,Resfriado y Gripe,BioGen Distribuciones,3,45.05,28.08,135.15,150
54,2025-02-09,Vitamina C 1000mg,Vitaminas,FarmaGlobal,5,73.05,55.09,365.25,77
55,2025-04-12,Tiras Reactivas Glucosa,Equipos de Medición,Medisuministros,1,61.98,33.15,61.98,15
56,2024-11-07,Ibuprofeno 600mg,Antiinflamatorios,FarmaGlobal,2,3.01,1.76,6.02,90
57,2024-08-29,Tiras Reactivas Glucosa,Equipos de Medición,Medisuministros,4,49.35,34.47,197.4,170
58,2024-07-05,Enjuague Bucal,Higiene Bucal,Quimica Sur,1,21.03,13.03,21.03,130
59,2025-06-03,Omeprazol 20mg,Protectores Gástricos,BioGen Distribuciones,4,68.31,53.53,273.24,118
60,2024-11-16,Omeprazol 20mg,Protectores Gástricos,Medisuministros,5,43.15,26.85,215.75,100
61,2024-11-30,Paracetamol 500mg,Analgésicos,Medisuministros,3,31.81,19.44,95.43,119
62,2024-12-29,Omeprazol 20mg,Protectores Gástricos,Medisuministros,3,53.97,27.2,161.91,9
63,2024-10-24,Jarabe para la Tos,Resfriado y Gripe,FarmaGlobal,1,18.27,10.48,18.27,179
64,2024-11-02,Loratadina 10mg,Antihistamínicos,FarmaGlobal,2,31.44,18.61,62.88,41
65,2025-06-17,Jarabe para la Tos,Resfriado y Gripe,SaludVital,2,65.22,50.49,130.44,111
66,2025-05-04,Enjuague Bucal,Higiene Bucal,SaludVital,1,52.66,26.55,52.66,124
67,2024-12-08,Metformina 850mg,Diabetes,Quimica Sur,2,27.63,15.51,55.26,26
68,2025-02-16,Atorvastatina 20mg,Colesterol,SaludVital,1,76.61,47.61,76.61,69
69,2024-07-30,Vitamina C 1000mg,Vitaminas,Quimica Sur,5,45.16,26.78,225.8,175
70,2025-01-28,Amoxicilina 875mg,Antibióticos,Medisuministros,4,71.21,55.36,284.84,31
71,2025-06-20,Loratadina 10mg,Antihistamínicos,FarmaGlobal,1,30.8,24.29,30.8,75
72,2024-09-10,Paracetamol 500mg,Analgésicos,SaludVital,3,64.21,49.1,192.63,36
73,2025-02-26,Diazepam 5mg,Ansiolíticos,Medisuministros,4,75.23,44.02,300.92,104
74,2024-12-21,Amoxicilina 875mg,Antibióticos,FarmaGlobal,5,51.45,30.57,257.25,98
75,2025-05-28,Protector Solar SPF50,Cuidado Personal,SaludVital,3,14.81,7.42,44.43,73
76,2024-12-06,Metformina 850mg,Diabetes,Quimica Sur,5,76.28,56.21,381.4,28
77,2025-06-06,Ibuprofeno 600mg,Antiinflamatorios,FarmaGlobal,2,59.56,35.35,119.12,0
78,2025-03-25,Jarabe para la Tos,Resfriado y Gripe,FarmaGlobal,2,29.13,19.42,58.26,29
79,2024-08-06,Diazepam 5mg,Ansiolíticos,BioGen Distribuciones,3,70.09,36.13,210.27,99
80,2024-12-10,Vitamina C 1000mg,Vitaminas,SaludVital,1,37.37,19.71,37.37,132
81,2025-02-05,Enjuague Bucal,Higiene Bucal,FarmaGlobal,2,42.06,23.86,84.12,125
82,2024-08-04,Atorvastatina 20mg,Colesterol,FarmaGlobal,4,34.05,25.62,136.2,121
83,2024-07-19,Ibuprofeno 600mg,Antiinflamatorios,FarmaGlobal,4,61.85,43.52,247.4,45
84,2024-09-07,Loratadina 10mg,Antihistamínicos,BioGen Distribuciones,4,36.59,21.22,146.36,3
85,2025-06-05,Omeprazol 20mg,Protectores Gástricos,BioGen Distribuciones,5,36.1,26.91,180.5,165
86,2024-07-24,Enjuague Bucal,Higiene Bucal,Quimica Sur,5,20.7,14.93,103.5,163
87,2024-08-08,Diazepam 5mg,Ansiolíticos,FarmaGlobal,3,7.75,5.22,23.25,181
88,2025-01-13,Atorvastatina 20mg,Colesterol,Medisuministros,1,9.35,5.42,9.35,108
89,2025-01-27,Jarabe para la Tos,Resfriado y Gripe,FarmaGlobal,5,71.99,44.37,359.95,143
90,2024-11-17,Tiras Reactivas Glucosa,Equipos de Medición,SaludVital,5,63.33,43.5,316.65,118
91,2025-03-25,Protector Solar SPF50,Cuidado Personal,BioGen Distribuciones,1,34.8,26.16,34.8,100
92,2024-10-03,Jarabe para la Tos,Resfriado y Gripe,Quimica Sur,4,25.02,18.74,100.08,115
93,2024-12-04,Enjuague Bucal,Higiene Bucal,FarmaGlobal,4,19.63,15.16,78.52,23
94,2025-03-01,Protector Solar SPF50,Cuidado Personal,SaludVital,4,11.71,6.96,46.84,5
95,2025-04-27,Atorvastatina 20mg,Colesterol,SaludVital,1,64.22,32.75,64.22,11
96,2025-02-15,Salbutamol Inhalador,Asma,SaludVital,1,16.97,12.69,16.97,163
97,2024-10-06,Tiras Reactivas Glucosa,Equipos de Medición,Medisuministros,2,41.72,28.73,83.44,13
98,2024-09-22,Amoxicilina 875mg,Antibióticos,Quimica Sur,5,15.44,10.02,77.2,86
99,2024-08-19,Omeprazol 20mg,Protectores Gástricos,BioGen Distribuciones,2,11.52,9.17,23.04,134
100,2025-03-04,Metformina 850mg,Diabetes,Quimica Sur,5,68.4,41.98,342.0,56
101,2024-08-08,Protector Solar SPF50,Cuidado Personal,FarmaGlobal,1,41.2,23.55,41.2,195
102,2025-05-22,Omeprazol 20mg,Protectores Gástricos,Medisuministros,4,63.01,40.73,252.04,29
103,2024-07-10,Metformina 850mg,Diabetes,FarmaGlobal,1,51.52,30.27,51.52,96
104,2025-01-09,Tiras Reactivas Glucosa,Equipos de Medición,Medisuministros,2,76.63,48.0,153.26,3
105,2025-02-23,Atorvastatina 20mg,Colesterol,SaludVital,5,39.27,27.03,196.35,139
106,2025-06-18,Jarabe para la Tos,Resfriado y Gripe,FarmaGlobal,4,12.06,8.77,48.24,152
107,2024-08-28,Jarabe para la Tos,Resfriado y Gripe,Medisuministros,2,13.7,8.44,27.4,90
108,2024-08-06,Salbutamol Inhalador,Asma,SaludVital,5,18.0,12.76,90.0,162
109,2024-07-06,Omeprazol 20mg,Protectores Gástricos,Quimica Sur,5,39.34,25.03,196.7,7
110,2025-01-22,Amoxicilina 875mg,Antibióticos,Medisuministros,2,12.2,7.37,24.4,78
111,2025-05-30,Jarabe para la Tos,Resfriado y Gripe,FarmaGlobal,2,51.9,36.48,103.8,137
112,2025-03-30,Enjuague Bucal,Higiene Bucal,Medisuministros,4,56.0,35.4,224.0,28
113,2025-06-06,Ibuprofeno 600mg,Antiinflamatorios,Medisuministros,4,18.49,12.61,73.96,196
114,2024-10-02,Ibuprofeno 600mg,Antiinflamatorios,SaludVital,1,12.23,9.0,12.23,168
115,2025-03-19,Protector Solar SPF50,Cuidado Personal,SaludVital,2,79.44,57.15,158.88,193
116,2025-02-22,Jarabe para la Tos,Resfriado y Gripe,FarmaGlobal,3,19.87,12.44,59.61,75
117,2024-11-24,Tiras Reactivas Glucosa,Equipos de Medición,BioGen Distribuciones,5,49.63,27.99,248.15,73
118,2025-04-24,Ibuprofeno 600mg,Antiinflamatorios,Quimica Sur,1,39.9,30.26,39.9,111
119,2025-06-02,Crema Hidratante,Cuidado Personal,BioGen Distribuciones,5,74.95,43.59,374.75,50
120,2025-01-23,Paracetamol 500mg,Analgésicos,Quimica Sur,2,68.68,42.45,137.36,36
121,2025-01-19,Jarabe para la Tos,Resfriado y Gripe,Medisuministros,4,19.93,11.64,79.72,195
122,2025-03-17,Amoxicilina 875mg,Antibióticos,FarmaGlobal,3,68.95,40.89,206.85,112
123,2025-04-08,Protector Solar SPF50,Cuidado Personal,BioGen Distribuciones,3,78.86,47.25,236.58,43
124,2025-01-31,Protector Solar SPF50,Cuidado Personal,Medisuministros,1,54.54,43.15,54.54,19
125,2024-07-09,Crema Hidratante,Cuidado Personal,Quimica Sur,1,54.32,35.69,54.32,199
126,2025-02-14,Amoxicilina 875mg,Antibióticos,FarmaGlobal,5,25.08,17.11,125.4,178
127,2025-02-16,Salbutamol Inhalador,Asma,BioGen Distribuciones,1,30.95,17.33,30.95,51
128,2025-04-17,Paracetamol 500mg,Analgésicos,FarmaGlobal,3,7.81,5.42,23.43,36
129,2024-08-02,Omeprazol 20mg,Protectores Gástricos,SaludVital,1,44.91,25.98,44.91,71
130,2024-10-22,Tiras Reactivas Glucosa,Equipos de Medición,Medisuministros,2,13.19,8.02,26.38,99
131,2025-06-15,Ibuprofeno 600mg,Antiinflamatorios,FarmaGlobal,1,61.7,35.32,61.7,32
132,2025-02-26,Diazepam 5mg,Ansiolíticos,Medisuministros,3,54.18,31.91,162.54,37
133,2024-12-16,Omeprazol 20mg,Protectores Gástricos,Medisuministros,5,43.37,30.36,216.85,42
134,2024-11-06,Atorvastatina 20mg,Colesterol,Quimica Sur,1,79.25,45.87,79.25,122
135,2025-04-14,Enjuague Bucal,Higiene Bucal,FarmaGlobal,5,48.24,25.44,241.2,129
136,2025-01-25,Jarabe para la Tos,Resfriado y Gripe,BioGen Distribuciones,5,22.84,16.76,114.2,86
137,2024-09-26,Jarabe para la Tos,Resfriado y Gripe,SaludVital,3,62.17,31.86,186.51,76
138,2024-07-09,Omeprazol 20mg,Protectores Gástricos,FarmaGlobal,1,41.69,25.05,41.69,33
139,2025-06-22,Enjuague Bucal,Higiene Bucal,BioGen Distribuciones,5,13.9,9.7,69.5,191
140,2024-12-23,Tiras Reactivas Glucosa,Equipos de Medición,SaludVital,3,47.84,25.26,143.52,144
141,2025-05-13,Omeprazol 20mg,Protectores Gástricos,SaludVital,4,13.92,9.49,55.68,113
142,2024-12-16,Vitamina C 1000mg,Vitaminas,FarmaGlobal,3,5.91,3.07,17.73,69
143,2025-02-27,Amoxicilina 875mg,Antibióticos,SaludVital,5,13.62,7.39,68.1,24
144,2025-06-18,Loratadina 10mg,Antihistamínicos,FarmaGlobal,2,13.37,8.02,26.74,1
145,2025-01-19,Enjuague Bucal,Higiene Bucal,BioGen Distribuciones,4,6.81,4.46,27.24,113
146,2025-06-02,Jarabe para la Tos,Resfriado y Gripe,Quimica Sur,1,45.99,32.96,45.99,92
147,2024-09-18,Metformina 850mg,Diabetes,Quimica Sur,1,50.37,27.54,50.37,91
148,2025-05-23,Crema Hidratante,Cuidado Personal,Quimica Sur,4,20.64,15.74,82.56,164
149,2024-12-20,Protector Solar SPF50,Cuidado Personal,BioGen Distribuciones,2,25.03,16.01,50.06,79
150,2024-09-23,Diazepam 5mg,Ansiolíticos,BioGen Distribuciones,5,44.93,34.8,224.65,159
151,2025-06-13,Metformina 850mg,Diabetes,SaludVital,1,30.52,19.13,30.52,190
152,2025-06-23,Protector Solar SPF50,Cuidado Personal,Quimica Sur,2,54.88,35.33,109.76,194
153,2025-01-14,Metformina 850mg,Diabetes,Medisuministros,5,6.53,3.48,32.65,144
154,2025-03-05,Loratadina 10mg,Antihistamínicos,SaludVital,3,51.44,38.29,154.32,91
155,2024-12-07,Salbutamol Inhalador,Asma,Medisuministros,3,28.36,21.31,85.08,153
156,2025-01-15,Enjuague Bucal,Higiene Bucal,Medisuministros,4,35.77,20.91,143.08,88
157,2024-09-27,Amoxicilina 875mg,Antibióticos,SaludVital,1,33.21,25.01,33.21,113
158,2025-02-26,Amoxicilina 875mg,Antibióticos,Medisuministros,3,14.65,11.38,43.95,13
159,2024-07-18,Protector Solar SPF50,Cuidado Personal,Quimica Sur,2,22.86,13.83,45.72,162
160,2024-09-21,Paracetamol 500mg,Analgésicos,BioGen Distribuciones,1,48.42,26.41,48.42,6
161,2024-07-06,Amoxicilina 875mg,Antibióticos,Quimica Sur,2,49.33,34.03,98.66,188
162,2025-06-04,Tiras Reactivas Glucosa,Equipos de Medición,SaludVital,2,50.57,30.01,101.14,77
163,2025-04-02,Loratadina 10mg,Antihistamínicos,Medisuministros,5,29.81,19.15,149.05,38
164,2024-08-25,Omeprazol 20mg,Protectores Gástricos,Quimica Sur,5,53.07,39.61,265.35,188
165,2024-11-03,Tiras Reactivas Glucosa,Equipos de Medición,SaludVital,4,34.6,19.06,138.4,112
166,2025-05-23,Enjuague Bucal,Higiene Bucal,SaludVital,3,4.34,2.63,13.02,0
167,2025-05-22,Metformina 850mg,Diabetes,FarmaGlobal,1,7.27,5.1,7.27,20
168,2025-05-28,Loratadina 10mg,Antihistamínicos,BioGen Distribuciones,4,59.34,47.38,237.36,181
169,2024-07-10,Protector Solar SPF50,Cuidado Personal,SaludVital,2,7.36,5.04,14.72,27
170,2024-10-12,Jarabe para la Tos,Resfriado y Gripe,BioGen Distribuciones,3,76.41,39.53,229.23,196
171,2025-06-26,Crema Hidratante,Cuidado Personal,FarmaGlobal,5,46.92,35.85,234.6,188
172,2025-05-07,Protector Solar SPF50,Cuidado Personal,FarmaGlobal,3,49.28,34.65,147.84,191
173,2024-10-04,Protector Solar SPF50,Cuidado Personal,SaludVital,3,12.82,10.05,38.46,10
174,2025-06-17,Amoxicilina 875mg,Antibióticos,SaludVital,3,12.5,8.71,37.5,40
175,2025-05-06,Enjuague Bucal,Higiene Bucal,FarmaGlobal,5,69.72,40.42,348.6,112
176,2025-05-14,Protector Solar SPF50,Cuidado Personal,BioGen Distribuciones,1,35.35,20.14,35.35,143
177,2025-05-25,Tiras Reactivas Glucosa,Equipos de Medición,BioGen Distribuciones,5,53.85,31.76,269.25,39
178,2025-04-23,Metformina 850mg,Diabetes,BioGen Distribuciones,2,68.05,49.68,136.1,85
179,2024-09-20,Jarabe para la Tos,Resfriado y Gripe,BioGen Distribuciones,5,62.49,38.78,312.45,89
180,2025-03-04,Jarabe para la Tos,Resfriado y Gripe,SaludVital,1,11.28,7.5,11.28,118
181,2025-03-07,Enjuague Bucal,Higiene Bucal,SaludVital,1,28.22,16.27,28.22,165
182,2024-07-08,Tiras Reactivas Glucosa,Equipos de Medición,Medisuministros,5,45.41,34.32,227.05,6
183,2025-05-24,Diazepam 5mg,Ansiolíticos,BioGen Distribuciones,3,27.86,15.04,83.58,149
184,2024-09-28,Jarabe para la Tos,Resfriado y Gripe,SaludVital,4,21.98,12.71,87.92,3
185,2024-12-28,Crema Hidratante,Cuidado Personal,FarmaGlobal,3,26.91,15.04,80.73,59
186,2024-07-08,Diazepam 5mg,Ansiolíticos,Quimica Sur,1,74.62,37.5,74.62,44
187,2025-05-22,Enjuague Bucal,Higiene Bucal,Quimica Sur,2,58.44,29.86,116.88,27
188,2025-01-01,Protector Solar SPF50,Cuidado Personal,SaludVital,1,4.16,2.62,4.16,44
189,2025-05-24,Loratadina 10mg,Antihistamínicos,BioGen Distribuciones,2,22.95,11.49,45.9,120
190,2024-08-10,Diazepam 5mg,Ansiolíticos,FarmaGlobal,5,7.31,3.92,36.55,186
191,2024-10-26,Amoxicilina 875mg,Antibióticos,Medisuministros,4,36.06,20.68,144.24,128
192,2024-07-22,Enjuague Bucal,Higiene Bucal,Quimica Sur,4,58.44,34.52,233.76,101
193,2025-01-21,Jarabe para la Tos,Resfriado y Gripe,SaludVital,2,20.16,12.82,40.32,97
194,2025-02-16,Omeprazol 20mg,Protectores Gástricos,Quimica Sur,4,79.28,63.21,317.12,184
195,2025-05-13,Crema Hidratante,Cuidado Personal,SaludVital,3,51.05,36.51,153.15,97
196,2024-11-18,Enjuague Bucal,Higiene Bucal,Medisuministros,4,29.25,22.66,117.0,17
197,2025-04-09,Amoxicilina 875mg,Antibióticos,FarmaGlobal,2,70.99,36.33,141.98,75
198,2025-03-13,Loratadina 10mg,Antihistamínicos,Quimica Sur,2,44.15,32.1,88.3,162
199,2024-09-11,Omeprazol 20mg,Protectores Gástricos,Quimica Sur,3,56.37,30.02,169.11,144
200,2025-01-23,Ibuprofeno 600mg,Antiinflamatorios,FarmaGlobal,2,17.43,9.7,34.86,19
201,2024-11-08,Crema Hidratante,Cuidado Personal,BioGen Distribuciones,3,43.95,26.81,131.85,170
202,2024-08-23,Enjuague Bucal,Higiene Bucal,FarmaGlobal,5,61.87,48.36,309.35,42
203,2025-05-24,Protector Solar SPF50,Cuidado Personal,BioGen Distribuciones,1,14.96,8.19,14.96,108
204,2025-06-23,Protector Solar SPF50,Cuidado Personal,Medisuministros,1,13.22,7.85,13.22,137
205,2025-03-26,Enjuague Bucal,Higiene Bucal,FarmaGlobal,2,42.8,22.98,85.6,85
206,2025-01-27,Atorvastatina 20mg,Colesterol,BioGen Distribuciones,2,37.33,27.51,74.66,123
207,2025-03-25,Salbutamol Inhalador,Asma,BioGen Distribuciones,3,72.93,40.86,218.79,100
208,2024-12-14,Loratadina 10mg,Antihistamínicos,FarmaGlobal,5,76.48,54.19,382.4,38
209,2024-08-08,Ibuprofeno 600mg,Antiinflamatorios,Medisuministros,2,57.7,38.62,115.4,106
210,2024-11-10,Metformina 850mg,Diabetes,Medisuministros,3,69.0,40.97,207.0,153
211,2025-05-22,Amoxicilina 875mg,Antibióticos,Medisuministros,1,56.78,44.25,56.78,150
212,2024-12-01,Loratadina 10mg,Antihistamínicos,Quimica Sur,2,12.9,10.27,25.8,158
213,2024-11-07,Amoxicilina 875mg,Antibióticos,BioGen Distribuciones,4,62.91,37.74,251.64,178
214,2025-03-26,Enjuague Bucal,Higiene Bucal,Quimica Sur,3,54.38,41.65,163.14,45
215,2024-07-08,Protector Solar SPF50,Cuidado Personal,FarmaGlobal,1,12.86,6.92,12.86,75
216,2025-04-19,Crema Hidratante,Cuidado Personal,BioGen Distribuciones,1,68.29,54.08,68.29,78
217,2024-10-30,Jarabe para la Tos,Resfriado y Gripe,Quimica Sur,2,7.81,6.01,15.62,196
218,2024-07-28,Metformina 850mg,Diabetes,BioGen Distribuciones,4,61.0,39.0,244.0,93
219,2025-01-27,Ibuprofeno 600mg,Antiinflamatorios,BioGen Distribuciones,2,40.27,24.64,80.54,61
220,2024-12-15,Tiras Reactivas Glucosa,Equipos de Medición,Quimica Sur,3,42.46,31.9,127.38,182
221,2025-03-17,Protector Solar SPF50,Cuidado Personal,BioGen Distribuciones,5,44.85,27.03,224.25,118
222,2025-06-27,Jarabe para la Tos,Resfriado y Gripe,BioGen Distribuciones,4,28.7,15.4,114.8,134
223,2025-04-09,Enjuague Bucal,Higiene Bucal,FarmaGlobal,3,76.92,61.1,230.76,95
224,2025-01-24,Amoxicilina 875mg,Antibióticos,SaludVital,3,75.62,45.04,226.86,10
225,2025-01-09,Atorvastatina 20mg,Colesterol,Quimica Sur,4,34.38,22.06,137.52,78
226,2024-07-18,Omeprazol 20mg,Protectores Gástricos,SaludVital,1,59.06,35.47,59.06,162
227,2024-11-30,Salbutamol Inhalador,Asma,SaludVital,3,30.94,19.83,92.82,81
228,2024-07-28,Crema Hidratante,Cuidado Personal,Quimica Sur,2,15.68,11.17,31.36,88
229,2024-10-28,Paracetamol 500mg,Analgésicos,FarmaGlobal,5,59.89,42.47,299.45,51
230,2024-09-04,Vitamina C 1000mg,Vitaminas,Medisuministros,4,62.0,47.35,248.0,11
231,2024-12-20,Amoxicilina 875mg,Antibióticos,SaludVital,2,7.66,4.62,15.32,167
232,2024-12-13,Enjuague Bucal,Higiene Bucal,SaludVital,1,76.36,58.5,76.36,59
233,2024-07-10,Tiras Reactivas Glucosa,Equipos de Medición,Medisuministros,4,9.86,4.95,39.44,24
234,2025-03-30,Amoxicilina 875mg,Antibióticos,Quimica Sur,5,38.17,28.66,190.85,75
235,2024-07-13,Jarabe para la Tos,Resfriado y Gripe,FarmaGlobal,4,22.13,14.35,88.52,15
236,2025-01-05,Loratadina 10mg,Antihistamínicos,BioGen Distribuciones,2,14.89,8.15,29.78,39
237,2025-05-19,Jarabe para la Tos,Resfriado y Gripe,BioGen Distribuciones,4,26.17,15.92,104.68,16
238,2025-05-17,Tiras Reactivas Glucosa,Equipos de Medición,Medisuministros,3,39.4,27.94,118.2,161
239,2024-12-21,Jarabe para la Tos,Resfriado y Gripe,Medisuministros,4,41.73,32.03,166.92,163
240,2024-12-25,Ibuprofeno 600mg,Antiinflamatorios,BioGen Distribuciones,1,51.09,32.5,51.09,133
241,2025-04-06,Vitamina C 1000mg,Vitaminas,Medisuministros,3,22.91,11.81,68.73,153
242,2024-11-14,Crema Hidratante,Cuidado Personal,SaludVital,5,23.32,15.76,116.6,87
243,2024-08-03,Protector Solar SPF50,Cuidado Personal,Medisuministros,2,5.94,4.09,11.88,94
244,2024-07-08,Paracetamol 500mg,Analgésicos,BioGen Distribuciones,2,60.85,38.93,121.7,43
245,2025-06-15,Vitamina C 1000mg,Vitaminas,Medisuministros,1,40.22,28.7,40.22,187
246,2024-10-04,Crema Hidratante,Cuidado Personal,Medisuministros,3,43.82,27.85,131.46,45
247,2024-10-23,Ibuprofeno 600mg,Antiinflamatorios,BioGen Distribuciones,4,51.98,37.08,207.92,30
248,2025-05-14,Atorvastatina 20mg,Colesterol,BioGen Distribuciones,5,67.8,50.8,339.0,101
249,2024-07-03,Vitamina C 1000mg,Vitaminas,SaludVital,3,16.24,12.52,48.72,56
250,2025-06-27,Crema Hidratante,Cuidado Personal,SaludVital,1,8.93,5.12,8.93,196
251,2024-08-08,Paracetamol 500mg,Analgésicos,SaludVital,5,68.82,50.11,344.1,70
252,2024-12-02,Paracetamol 500mg,Analgésicos,SaludVital,2,49.01,37.06,98.02,42
253,2025-05-04,Ibuprofeno 600mg,Antiinflamatorios,Medisuministros,3,69.55,45.87,208.65,23
254,2025-06-17,Diazepam 5mg,Ansiolíticos,BioGen Distribuciones,1,11.49,8.09,11.49,81
255,2025-06-23,Salbutamol Inhalador,Asma,FarmaGlobal,4,11.85,6.3,47.4,137
256,2024-10-12,Protector Solar SPF50,Cuidado Personal,Medisuministros,2,19.63,10.42,39.26,85
257,2025-06-02,Tiras Reactivas Glucosa,Equipos de Medición,Medisuministros,5,79.4,53.17,397.0,77
258,2025-03-14,Crema Hidratante,Cuidado Personal,Medisuministros,5,37.03,24.03,185.15,167
259,2024-11-06,Loratadina 10mg,Antihistamínicos,BioGen Distribuciones,2,34.34,25.63,68.68,149
260,2025-03-06,Salbutamol Inhalador,Asma,SaludVital,2,24.69,19.56,49.38,111
261,2024-08-09,Metformina 850mg,Diabetes,Quimica Sur,2,48.63,38.03,97.26,161
262,2024-11-07,Protector Solar SPF50,Cuidado Personal,Quimica Sur,4,50.52,28.8,202.08,28
263,2024-08-29,Metformina 850mg,Diabetes,Medisuministros,1,26.75,17.07,26.75,73
264,2024-06-28,Diazepam 5mg,Ansiolíticos,Quimica Sur,5,49.04,28.7,245.2,113
265,2024-10-15,Tiras Reactivas Glucosa,Equipos de Medición,Medisuministros,3,41.72,22.39,125.16,75
266,2025-03-08,Tiras Reactivas Glucosa,Equipos de Medición,BioGen Distribuciones,1,61.16,40.46,61.16,177
267,2024-10-12,Metformina 850mg,Diabetes,BioGen Distribuciones,3,5.73,4.08,17.19,127
268,2025-01-01,Paracetamol 500mg,Analgésicos,FarmaGlobal,5,67.55,46.07,337.75,12
269,2025-01-03,Protector Solar SPF50,Cuidado Personal,Quimica Sur,5,57.89,33.13,289.45,160
270,2024-07-20,Ibuprofeno 600mg,Antiinflamatorios,Quimica Sur,5,22.64,14.78,113.2,14
271,2025-03-30,Protector Solar SPF50,Cuidado Personal,FarmaGlobal,5,40.2,28.47,201.0,123
272,2025-01-04,Protector Solar SPF50,Cuidado Personal,FarmaGlobal,2,62.34,34.22,124.68,103
273,2025-02-25,Amoxicilina 875mg,Antibióticos,BioGen Distribuciones,5,43.47,33.34,217.35,197
274,2025-05-25,Tiras Reactivas Glucosa,Equipos de Medición,BioGen Distribuciones,1,3.53,2.54,3.53,32
275,2025-01-29,Crema Hidratante,Cuidado Personal,BioGen Distribuciones,2,9.78,5.69,19.56,38
276,2025-01-03,Protector Solar SPF50,Cuidado Personal,FarmaGlobal,3,23.36,13.1,70.08,146
277,2024-09-02,Amoxicilina 875mg,Antibióticos,BioGen Distribuciones,4,18.58,11.96,74.32,108
278,2025-05-30,Omeprazol 20mg,Protectores Gástricos,BioGen Distribuciones,2,32.5,25.61,65.0,187
279,2024-08-27,Diazepam 5mg,Ansiolíticos,BioGen Distribuciones,1,76.76,47.94,76.76,127
280,2024-07-28,Diazepam 5mg,Ansiolíticos,Quimica Sur,3,5.12,2.9,15.36,33
281,2025-04-12,Enjuague Bucal,Higiene Bucal,Medisuministros,3,66.02,42.39,198.06,37
282,2025-02-26,Salbutamol Inhalador,Asma,Quimica Sur,3,65.66,43.28,196.98,192
283,2025-03-19,Amoxicilina 875mg,Antibióticos,SaludVital,3,10.74,6.42,32.22,3
284,2024-09-01,Omeprazol 20mg,Protectores Gástricos,FarmaGlobal,2,40.01,29.98,80.02,89
285,2025-06-20,Omeprazol 20mg,Protectores Gástricos,Quimica Sur,5,27.49,15.2,137.45,30
286,2025-02-20,Vitamina C 1000mg,Vitaminas,BioGen Distribuciones,3,69.01,49.25,207.03,87
287,2024-06-29,Enjuague Bucal,Higiene Bucal,SaludVital,2,58.49,42.26,116.98,59
288,2025-03-27,Omeprazol 20mg,Protectores Gástricos,Quimica Sur,1,40.14,23.59,40.14,151
289,2025-02-06,Amoxicilina 875mg,Antibióticos,SaludVital,2,32.76,20.33,65.52,87
290,2025-03-17,Jarabe para la Tos,Resfriado y Gripe,BioGen Distribuciones,2,45.28,23.4,90.56,190
291,2024-12-20,Protector Solar SPF50,Cuidado Personal,BioGen Distribuciones,5,40.44,24.59,202.2,121
292,2024-10-16,Protector Solar SPF50,Cuidado Personal,FarmaGlobal,1,75.28,49.07,75.28,13
293,2024-12-06,Paracetamol 500mg,Analgésicos,SaludVital,5,63.21,34.0,316.05,68
294,2025-06-19,Protector Solar SPF50,Cuidado Personal,Quimica Sur,4,20.49,13.11,81.96,98
295,2025-06-03,Metformina 850mg,Diabetes,SaludVital,1,42.75,27.31,42.75,97
296,2025-01-16,Metformina 850mg,Diabetes,Medisuministros,3,67.39,44.67,202.17,25
297,2024-10-20,Protector Solar SPF50,Cuidado Personal,SaludVital,4,4.16,3.21,16.64,190
298,2024-11-09,Jarabe para la Tos,Resfriado y Gripe,Medisuministros,1,38.29,27.18,38.29,195
299,2025-02-28,Vitamina C 1000mg,Vitaminas,FarmaGlobal,4,4.7,3.49,18.8,180
300,2024-08-05,Ibuprofeno 600mg,Antiinflamatorios,SaludVital,2,71.96,48.41,143.92,59
301,2025-01-26,Diazepam 5mg,Ansiolíticos,Quimica Sur,5,30.11,21.9,150.55,195
302,2024-10-07,Crema Hidratante,Cuidado Personal,SaludVital,3,71.01,44.63,213.03,144
303,2024-07-12,Paracetamol 500mg,Analgésicos,FarmaGlobal,4,53.26,29.13,213.04,147
304,2025-05-06,Amoxicilina 875mg,Antibióticos,FarmaGlobal,5,5.19,3.46,25.95,127
305,2025-03-10,Jarabe para la Tos,Resfriado y Gripe,Medisuministros,4,51.6,37.4,206.4,43
306,2025-02-02,Tiras Reactivas Glucosa,Equipos de Medición,BioGen Distribuciones,4,61.29,36.04,245.16,183
307,2025-05-12,Tiras Reactivas Glucosa,Equipos de Medición,Medisuministros,5,50.27,28.65,251.35,17
308,2024-07-09,Omeprazol 20mg,Protectores Gástricos,SaludVital,5,67.1,38.99,335.5,70
309,2024-11-24,Atorvastatina 20mg,Colesterol,FarmaGlobal,2,6.89,5.04,13.78,116
310,2025-04-17,Omeprazol 20mg,Protectores Gástricos,FarmaGlobal,4,52.23,39.74,208.92,89
311,2024-10-08,Jarabe para la Tos,Resfriado y Gripe,Quimica Sur,5,8.46,4.94,42.3,135
312,2025-06-18,Atorvastatina 20mg,Colesterol,SaludVital,4,11.59,8.82,46.36,86
313,2024-07-05,Diazepam 5mg,Ansiolíticos,BioGen Distribuciones,4,67.74,41.62,270.96,96
314,2025-01-04,Omeprazol 20mg,Protectores Gástricos,Medisuministros,4,59.89,45.33,239.56,124
315,2024-07-25,Protector Solar SPF50,Cuidado Personal,BioGen Distribuciones,4,21.82,13.24,87.28,123
316,2025-01-24,Amoxicilina 875mg,Antibióticos,Medisuministros,2,10.78,8.36,21.56,61
317,2024-12-12,Vitamina C 1000mg,Vitaminas,SaludVital,4,77.73,41.24,310.92,0
318,2025-05-05,Salbutamol Inhalador,Asma,Medisuministros,5,34.72,21.95,173.6,11
319,2024-10-14,Protector Solar SPF50,Cuidado Personal,Quimica Sur,5,11.0,6.15,55.0,167
320,2024-11-20,Ibuprofeno 600mg,Antiinflamatorios,Quimica Sur,3,38.46,26.29,115.38,104
321,2025-01-25,Loratadina 10mg,Antihistamínicos,SaludVital,2,52.92,29.93,105.84,125
322,2024-10-15,Salbutamol Inhalador,Asma,Medisuministros,2,36.05,24.53,72.1,111
323,2025-05-06,Metformina 850mg,Diabetes,FarmaGlobal,2,36.96,25.14,73.92,67
324,2025-06-15,Atorvastatina 20mg,Colesterol,FarmaGlobal,3,14.04,9.67,42.12,145
325,2025-03-08,Diazepam 5mg,Ansiolíticos,Medisuministros,4,61.25,46.77,245.0,180
326,2025-05-05,Salbutamol Inhalador,Asma,BioGen Distribuciones,2,17.57,11.36,35.14,82
327,2024-09-07,Crema Hidratante,Cuidado Personal,Medisuministros,2,3.52,2.42,7.04,191
328,2025-05-15,Omeprazol 20mg,Protectores Gástricos,Quimica Sur,2,38.24,22.71,76.48,159
329,2025-03-29,Enjuague Bucal,Higiene Bucal,BioGen Distribuciones,5,41.53,32.52,207.65,14
330,2025-03-09,Omeprazol 20mg,Protectores Gástricos,BioGen Distribuciones,1,76.05,60.73,76.05,159
331,2025-04-15,Diazepam 5mg,Ansiolíticos,Quimica Sur,5,40.01,27.63,200.05,95
332,2024-08-17,Diazepam 5mg,Ansiolíticos,Medisuministros,2,49.49,28.76,98.98,90
333,2025-02-26,Loratadina 10mg,Antihistamínicos,FarmaGlobal,1,20.81,13.09,20.81,73
334,2025-06-01,Tiras Reactivas Glucosa,Equipos de Medición,Quimica Sur,3,30.79,17.5,92.37,110
335,2025-02-03,Vitamina C 1000mg,Vitaminas,Quimica Sur,5,49.83,33.31,249.15,66
336,2024-07-24,Tiras Reactivas Glucosa,Equipos de Medición,SaludVital,2,11.98,9.31,23.96,85
337,2025-04-24,Amoxicilina 875mg,Antibióticos,BioGen Distribuciones,3,14.22,9.51,42.66,53
338,2025-04-23,Atorvastatina 20mg,Colesterol,Quimica Sur,4,52.77,28.66,211.08,124
339,2024-12-12,Omeprazol 20mg,Protectores Gástricos,Quimica Sur,1,3.09,2.02,3.09,123
340,2025-03-02,Diazepam 5mg,Ansiolíticos,BioGen Distribuciones,3,59.3,34.35,177.9,88
341,2024-08-23,Vitamina C 1000mg,Vitaminas,BioGen Distribuciones,1,24.28,15.06,24.28,8
342,2024-11-29,Tiras Reactivas Glucosa,Equipos de Medición,Medisuministros,4,3.21,1.71,12.84,152
343,2024-08-14,Tiras Reactivas Glucosa,Equipos de Medición,BioGen Distribuciones,1,59.4,30.55,59.4,56
344,2025-05-17,Amoxicilina 875mg,Antibióticos,Quimica Sur,1,33.99,21.07,33.99,158
345,2024-11-24,Tiras Reactivas Glucosa,Equipos de Medición,FarmaGlobal,3,62.59,39.24,187.77,107
346,2025-05-02,Omeprazol 20mg,Protectores Gástricos,Quimica Sur,5,17.62,11.56,88.1,60
347,2024-09-07,Loratadina 10mg,Antihistamínicos,Quimica Sur,3,40.53,28.41,121.59,129
348,2024-09-16,Salbutamol Inhalador,Asma,BioGen Distribuciones,5,73.69,44.35,368.45,132
349,2024-11-30,Enjuague Bucal,Higiene Bucal,Quimica Sur,4,11.42,7.08,45.68,112
350,2024-12-07,Salbutamol Inhalador,Asma,Quimica Sur,2,6.33,3.6,12.66,62
351,2024-12-04,Enjuague Bucal,Higiene Bucal,Medisuministros,3,30.59,21.11,91.77,116
352,2024-06-30,Diazepam 5mg,Ansiolíticos,Quimica Sur,2,26.88,16.32,53.76,22
353,2025-03-27,Crema Hidratante,Cuidado Personal,FarmaGlobal,2,25.26,18.55,50.52,95
354,2025-01-28,Salbutamol Inhalador,Asma,Quimica Sur,2,77.44,43.37,154.88,180
355,2024-08-30,Tiras Reactivas Glucosa,Equipos de Medición,Quimica Sur,2,20.93,14.26,41.86,196
356,2025-01-07,Omeprazol 20mg,Protectores Gástricos,SaludVital,1,22.54,16.81,22.54,12
357,2024-07-25,Enjuague Bucal,Higiene Bucal,FarmaGlobal,3,73.84,44.89,221.52,108
358,2024-10-04,Salbutamol Inhalador,Asma,BioGen Distribuciones,2,36.05,26.65,72.1,147
359,2025-04-10,Metformina 850mg,Diabetes,SaludVital,4,29.14,18.73,116.56,28
360,2024-11-22,Loratadina 10mg,Antihistamínicos,BioGen Distribuciones,3,38.33,26.58,114.99,74
361,2025-04-12,Diazepam 5mg,Ansiolíticos,BioGen Distribuciones,4,20.81,13.88,83.24,20
362,2025-01-14,Diazepam 5mg,Ansiolíticos,Quimica Sur,5,50.36,30.49,251.8,86
363,2024-12-06,Salbutamol Inhalador,Asma,BioGen Distribuciones,3,49.53,34.04,148.59,42
364,2024-09-23,Paracetamol 500mg,Analgésicos,FarmaGlobal,1,51.91,34.71,51.91,162
365,2025-03-29,Tiras Reactivas Glucosa,Equipos de Medición,Medisuministros,5,57.02,32.21,285.1,198
366,2025-06-20,Jarabe para la Tos,Resfriado y Gripe,SaludVital,4,40.94,22.91,163.76,18
367,2024-10-01,Atorvastatina 20mg,Colesterol,SaludVital,2,9.07,6.76,18.14,29
368,2024-10-03,Protector Solar SPF50,Cuidado Personal,BioGen Distribuciones,4,34.36,18.69,137.44,52
369,2024-10-05,Ibuprofeno 600mg,Antiinflamatorios,Quimica Sur,1,69.69,55.02,69.69,78
370,2025-04-13,Tiras Reactivas Glucosa,Equipos de Medición,Quimica Sur,1,7.83,5.81,7.83,84
371,2025-01-27,Tiras Reactivas Glucosa,Equipos de Medición,Medisuministros,3,46.82,26.95,140.46,161
372,2024-07-23,Paracetamol 500mg,Analgésicos,BioGen Distribuciones,2,28.74,18.51,57.48,21
373,2024-10-13,Salbutamol Inhalador,Asma,SaludVital,2,47.73,30.14,95.46,10
374,2024-07-02,Protector Solar SPF50,Cuidado Personal,Quimica Sur,3,62.19,35.82,186.57,8
375,2025-03-10,Salbutamol Inhalador,Asma,SaludVital,4,44.74,31.6,178.96,0
376,2025-05-04,Metformina 850mg,Diabetes,BioGen Distribuciones,2,9.49,6.71,18.98,171
377,2024-07-09,Salbutamol Inhalador,Asma,BioGen Distribuciones,3,17.39,11.47,52.17,194
378,2024-12-31,Diazepam 5mg,Ansiolíticos,BioGen Distribuciones,3,38.13,28.38,114.39,41
379,2024-11-15,Diazepam 5mg,Ansiolíticos,Quimica Sur,4,69.48,43.69,277.92,99
380,2024-09-26,Diazepam 5mg,Ansiolíticos,Quimica Sur,1,24.21,18.61,24.21,57
381,2025-01-05,Ibuprofeno 600mg,Antiinflamatorios,BioGen Distribuciones,4,21.06,16.39,84.24,128
382,2024-12-31,Salbutamol Inhalador,Asma,Quimica Sur,1,12.61,8.75,12.61,12
383,2025-02-19,Jarabe para la Tos,Resfriado y Gripe,Medisuministros,3,23.08,11.61,69.24,21
384,2025-03-02,Enjuague Bucal,Higiene Bucal,SaludVital,1,47.79,31.66,47.79,51
385,2024-07-19,Ibuprofeno 600mg,Antiinflamatorios,SaludVital,5,36.16,20.08,180.8,149
386,2025-06-19,Protector Solar SPF50,Cuidado Personal,SaludVital,3,3.16,1.95,9.48,41
387,2025-05-21,Jarabe para la Tos,Resfriado y Gripe,Medisuministros,2,37.71,26.63,75.42,101
388,2025-06-08,Ibuprofeno 600mg,Antiinflamatorios,FarmaGlobal,5,78.06,56.09,390.3,110
389,2025-02-27,Tiras Reactivas Glucosa,Equipos de Medición,BioGen Distribuciones,2,62.14,47.1,124.28,40
390,2024-08-09,Jarabe para la Tos,Resfriado y Gripe,BioGen Distribuciones,2,48.31,28.47,96.62,78
391,2025-03-10,Jarabe para la Tos,Resfriado y Gripe,FarmaGlobal,4,63.07,32.34,252.28,77
392,2025-06-03,Diazepam 5mg,Ansiolíticos,BioGen Distribuciones,2,55.3,32.12,110.6,153
393,2024-12-05,Jarabe para la Tos,Resfriado y Gripe,BioGen Distribuciones,4,58.77,33.32,235.08,137
394,2024-12-05,Tiras Reactivas Glucosa,Equipos de Medición,Medisuministros,1,9.97,7.08,9.97,45
395,2025-05-28,Jarabe para la Tos,Resfriado y Gripe,FarmaGlobal,4,33.37,21.04,133.48,81
396,2025-02-25,Loratadina 10mg,Antihistamínicos,Medisuministros,5,8.93,6.13,44.65,93
397,2024-07-15,Omeprazol 20mg,Protectores Gástricos,FarmaGlobal,2,37.84,22.12,75.68,180
398,2025-05-06,Protector Solar SPF50,Cuidado Personal,FarmaGlobal,1,20.36,15.46,20.36,191
399,2025-06-12,Crema Hidratante,Cuidado Personal,Quimica Sur,3,20.27,11.07,60.81,91
400,2025-02-18,Enjuague Bucal,Higiene Bucal,Quimica Sur,1,14.24,7.53,14.24,131
401,2024-11-12,Amoxicilina 875mg,Antibióticos,Quimica Sur,1,52.86,34.78,52.86,159
402,2025-02-18,Diazepam 5mg,Ansiolíticos,BioGen Distribuciones,2,22.49,15.95,44.98,164
403,2025-05-03,Protector Solar SPF50,Cuidado Personal,FarmaGlobal,2,37.93,24.38,75.86,192
404,2025-02-15,Atorvastatina 20mg,Colesterol,SaludVital,3,62.21,47.62,186.63,141
405,2024-10-12,Protector Solar SPF50,Cuidado Personal,SaludVital,1,25.73,19.84,25.73,86
406,2024-07-20,Enjuague Bucal,Higiene Bucal,SaludVital,2,65.94,46.63,131.88,163
407,2024-08-25,Amoxicilina 875mg,Antibióticos,Medisuministros,5,11.46,8.9,57.3,183
408,2025-06-10,Metformina 850mg,Diabetes,FarmaGlobal,1,45.8,23.69,45.8,140
409,2025-03-10,Metformina 850mg,Diabetes,Quimica Sur,4,71.1,41.54,284.4,58
410,2024-10-13,Diazepam 5mg,Ansiolíticos,FarmaGlobal,5,21.58,11.97,107.9,100
411,2024-12-20,Metformina 850mg,Diabetes,SaludVital,3,50.5,25.5,151.5,164
412,2025-02-26,Tiras Reactivas Glucosa,Equipos de Medición,SaludVital,1,46.3,25.87,46.3,197
413,2024-07-29,Metformina 850mg,Diabetes,FarmaGlobal,2,70.51,54.31,141.02,157
414,2024-08-23,Diazepam 5mg,Ansiolíticos,SaludVital,5,17.52,12.52,87.6,41
415,2024-09-12,Metformina 850mg,Diabetes,Quimica Sur,4,61.61,41.07,246.44,160
416,2024-11-06,Paracetamol 500mg,Analgésicos,BioGen Distribuciones,5,12.23,8.13,61.15,144
417,2024-07-08,Metformina 850mg,Diabetes,FarmaGlobal,4,43.11,32.69,172.44,78
418,2024-11-11,Ibuprofeno 600mg,Antiinflamatorios,BioGen Distribuciones,5,44.45,34.06,222.25,161
419,2025-05-28,Enjuague Bucal,Higiene Bucal,FarmaGlobal,5,15.71,8.42,78.55,72
420,2025-06-08,Metformina 850mg,Diabetes,Medisuministros,4,19.89,15.41,79.56,111
421,2024-12-06,Atorvastatina 20mg,Colesterol,BioGen Distribuciones,2,73.48,52.75,146.96,55
422,2025-05-10,Protector Solar SPF50,Cuidado Personal,SaludVital,2,22.95,17.59,45.9,40
423,2025-03-09,Protector Solar SPF50,Cuidado Personal,BioGen Distribuciones,4,16.81,8.68,67.24,137
424,2025-04-20,Salbutamol Inhalador,Asma,Quimica Sur,3,26.44,15.68,79.32,75
425,2024-07-26,Jarabe para la Tos,Resfriado y Gripe,BioGen Distribuciones,2,27.01,17.17,54.02,115
426,2024-11-01,Salbutamol Inhalador,Asma,BioGen Distribuciones,5,53.39,41.55,266.95,172
427,2025-04-19,Metformina 850mg,Diabetes,Medisuministros,1,53.87,31.25,53.87,125
428,2025-04-27,Atorvastatina 20mg,Colesterol,SaludVital,2,23.46,17.0,46.92,197
429,2025-02-13,Metformina 850mg,Diabetes,BioGen Distribuciones,2,49.25,30.97,98.5,32
430,2024-11-24,Atorvastatina 20mg,Colesterol,SaludVital,5,55.38,41.69,276.9,84
431,2025-05-04,Amoxicilina 875mg,Antibióticos,Quimica Sur,3,4.62,2.69,13.86,54
432,2024-10-10,Crema Hidratante,Cuidado Personal,BioGen Distribuciones,4,61.1,46.74,244.4,51
433,2025-01-13,Enjuague Bucal,Higiene Bucal,SaludVital,1,77.54,59.35,77.54,145
434,2024-09-22,Omeprazol 20mg,Protectores Gástricos,BioGen Distribuciones,1,23.19,18.27,23.19,136
435,2024-11-06,Atorvastatina 20mg,Colesterol,Medisuministros,5,42.54,31.28,212.7,88
436,2025-03-13,Omeprazol 20mg,Protectores Gástricos,FarmaGlobal,3,56.45,45.06,169.35,176
437,2024-08-25,Atorvastatina 20mg,Colesterol,Quimica Sur,2,76.8,50.39,153.6,85
438,2024-10-14,Metformina 850mg,Diabetes,FarmaGlobal,3,29.61,20.69,88.83,179
439,2025-02-04,Ibuprofeno 600mg,Antiinflamatorios,SaludVital,1,40.07,30.44,40.07,46
440,2025-06-13,Protector Solar SPF50,Cuidado Personal,FarmaGlobal,1,56.53,38.13,56.53,114
441,2025-02-27,Enjuague Bucal,Higiene Bucal,FarmaGlobal,5,32.03,17.05,160.15,32
442,2024-11-03,Ibuprofeno 600mg,Antiinflamatorios,FarmaGlobal,1,14.08,7.54,14.08,17
443,2025-02-08,Metformina 850mg,Diabetes,Quimica Sur,3,16.49,12.27,49.47,95
444,2024-08-09,Diazepam 5mg,Ansiolíticos,Medisuministros,5,59.79,41.37,298.95,134
445,2025-02-04,Enjuague Bucal,Higiene Bucal,Quimica Sur,3,66.64,33.97,199.92,40
446,2025-03-20,Salbutamol Inhalador,Asma,FarmaGlobal,1,20.34,12.53,20.34,168
447,2025-03-07,Tiras Reactivas Glucosa,Equipos de Medición,FarmaGlobal,3,42.76,26.06,128.28,191
448,2025-04-12,Loratadina 10mg,Antihistamínicos,SaludVital,2,29.09,19.14,58.18,114
449,2024-07-09,Ibuprofeno 600mg,Antiinflamatorios,Medisuministros,3,63.7,39.1,191.1,21
450,2024-11-08,Enjuague Bucal,Higiene Bucal,FarmaGlobal,4,18.27,11.01,73.08,190
451,2024-12-10,Enjuague Bucal,Higiene Bucal,BioGen Distribuciones,2,38.2,27.7,76.4,28
452,2024-06-30,Omeprazol 20mg,Protectores Gástricos,BioGen Distribuciones,1,34.77,20.27,34.77,119
453,2024-12-30,Enjuague Bucal,Higiene Bucal,BioGen Distribuciones,4,37.4,29.61,149.6,134
454,2025-02-16,Paracetamol 500mg,Analgésicos,Quimica Sur,5,73.06,42.49,365.3,180
455,2024-07-07,Protector Solar SPF50,Cuidado Personal,Quimica Sur,1,26.89,16.67,26.89,152
456,2024-07-20,Protector Solar SPF50,Cuidado Personal,FarmaGlobal,2,48.38,32.16,96.76,49
457,2024-11-20,Protector Solar SPF50,Cuidado Personal,FarmaGlobal,3,54.1,28.28,162.3,77
458,2024-10-29,Enjuague Bucal,Higiene Bucal,Medisuministros,5,44.09,31.59,220.45,32
459,2025-05-29,Crema Hidratante,Cuidado Personal,FarmaGlobal,3,52.38,37.46,157.14,105
460,2025-02-21,Amoxicilina 875mg,Antibióticos,Quimica Sur,3,30.89,18.54,92.67,179
461,2025-02-08,Diazepam 5mg,Ansiolíticos,Medisuministros,4,68.54,34.33,274.16,188
462,2024-08-05,Tiras Reactivas Glucosa,Equipos de Medición,SaludVital,2,29.97,18.67,59.94,101
463,2024-12-25,Enjuague Bucal,Higiene Bucal,FarmaGlobal,5,64.14,44.32,320.7,74
464,2025-05-13,Salbutamol Inhalador,Asma,SaludVital,4,61.74,40.58,246.96,0
465,2024-07-03,Protector Solar SPF50,Cuidado Personal,BioGen Distribuciones,4,32.34,20.68,129.36,12
466,2025-02-21,Amoxicilina 875mg,Antibióticos,Medisuministros,1,18.54,13.77,18.54,124
467,2024-08-09,Protector Solar SPF50,Cuidado Personal,FarmaGlobal,1,76.1,58.06,76.1,11
468,2024-10-11,Enjuague Bucal,Higiene Bucal,Medisuministros,5,18.34,12.7,91.7,132
469,2024-12-30,Tiras Reactivas Glucosa,Equipos de Medición,Quimica Sur,2,42.5,31.12,85.0,130
470,2025-04-21,Crema Hidratante,Cuidado Personal,FarmaGlobal,3,51.66,38.81,154.98,45
471,2024-09-15,Omeprazol 20mg,Protectores Gástricos,BioGen Distribuciones,2,21.28,12.28,42.56,198
472,2024-08-13,Salbutamol Inhalador,Asma,BioGen Distribuciones,3,38.65,28.49,115.95,197
473,2025-01-27,Jarabe para la Tos,Resfriado y Gripe,SaludVital,3,22.48,11.5,67.44,132
474,2025-02-24,Vitamina C 1000mg,Vitaminas,Medisuministros,1,11.26,6.26,11.26,159
475,2024-12-20,Salbutamol Inhalador,Asma,BioGen Distribuciones,5,22.71,14.57,113.55,188
476,2024-10-18,Loratadina 10mg,Antihistamínicos,FarmaGlobal,1,47.81,33.57,47.81,109
477,2025-01-04,Loratadina 10mg,Antihistamínicos,Quimica Sur,1,74.44,42.13,74.44,136
478,2024-07-28,Ibuprofeno 600mg,Antiinflamatorios,Medisuministros,3,68.44,47.58,205.32,185
479,2024-12-08,Tiras Reactivas Glucosa,Equipos de Medición,SaludVital,2,59.85,30.6,119.7,8
480,2025-06-06,Vitamina C 1000mg,Vitaminas,SaludVital,4,43.4,26.62,173.6,129
481,2025-03-09,Enjuague Bucal,Higiene Bucal,BioGen Distribuciones,4,10.41,8.02,41.64,74
482,2025-04-30,Enjuague Bucal,Higiene Bucal,Quimica Sur,3,52.14,40.42,156.42,176
483,2024-08-27,Atorvastatina 20mg,Colesterol,BioGen Distribuciones,4,25.89,18.19,103.56,96
484,2024-07-14,Salbutamol Inhalador,Asma,SaludVital,2,41.46,31.56,82.92,24
485,2025-01-14,Tiras Reactivas Glucosa,Equipos de Medición,Quimica Sur,3,28.03,15.24,84.09,158
486,2025-02-21,Ibuprofeno 600mg,Antiinflamatorios,SaludVital,5,23.6,14.12,118.0,76
487,2025-03-09,Jarabe para la Tos,Resfriado y Gripe,BioGen Distribuciones,2,69.61,37.43,139.22,100
488,2025-01-11,Vitamina C 1000mg,Vitaminas,Medisuministros,4,65.98,45.04,263.92,161
489,2024-09-27,Enjuague Bucal,Higiene Bucal,SaludVital,1,49.99,26.35,49.99,30
490,2024-12-13,Atorvastatina 20mg,Colesterol,Quimica Sur,3,24.84,12.72,74.52,131
491,2024-08-05,Protector Solar SPF50,Cuidado Personal,Quimica Sur,1,56.22,37.53,56.22,67
492,2024-07-02,Diazepam 5mg,Ansiolíticos,FarmaGlobal,2,21.98,17.09,43.96,44
493,2025-06-13,Protector Solar SPF50,Cuidado Personal,SaludVital,1,32.17,25.68,32.17,0
494,2024-08-07,Ibuprofeno 600mg,Antiinflamatorios,FarmaGlobal,2,8.3,4.81,16.6,182
495,2024-11-25,Crema Hidratante,Cuidado Personal,BioGen Distribuciones,1,16.99,11.2,16.99,148
496,2024-09-01,Metformina 850mg,Diabetes,Medisuministros,4,52.15,26.36,208.6,109
497,2024-12-31,Atorvastatina 20mg,Colesterol,SaludVital,4,48.51,38.72,194.04,168
498,2024-11-04,Ibuprofeno 600mg,Antiinflamatorios,Quimica Sur,5,61.96,31.99,309.8,29
499,2025-04-22,Jarabe para la Tos,Resfriado y Gripe,SaludVital,5,60.97,36.09,304.85,26
500,2025-01-11,Amoxicilina 875mg,Antibióticos,SaludVital,2,29.06,21.17,58.12,189
501,2024-07-02,Atorvastatina 20mg,Colesterol,FarmaGlobal,5,31.16,18.72,155.8,177
502,2025-02-06,Ibuprofeno 600mg,Antiinflamatorios,BioGen Distribuciones,1,36.46,27.21,36.46,3
503,2024-07-21,Diazepam 5mg,Ansiolíticos,Medisuministros,5,60.19,40.79,300.95,94
504,2024-11-24,Loratadina 10mg,Antihistamínicos,Quimica Sur,1,9.26,6.56,9.26,78
505,2024-09-15,Paracetamol 500mg,Analgésicos,BioGen Distribuciones,2,73.54,45.28,147.08,153
506,2025-02-20,Jarabe para la Tos,Resfriado y Gripe,Medisuministros,3,66.81,41.15,200.43,126
507,2024-07-23,Enjuague Bucal,Higiene Bucal,BioGen Distribuciones,4,15.67,10.1,62.68,70
508,2025-03-03,Tiras Reactivas Glucosa,Equipos de Medición,BioGen Distribuciones,5,7.98,6.03,39.9,74
509,2025-06-16,Tiras Reactivas Glucosa,Equipos de Medición,BioGen Distribuciones,3,73.01,45.24,219.03,171
510,2024-10-11,Amoxicilina 875mg,Antibióticos,SaludVital,4,10.7,6.05,42.8,5
511,2025-01-12,Loratadina 10mg,Antihistamínicos,SaludVital,1,72.97,48.06,72.97,88
512,2024-12-27,Vitamina C 1000mg,Vitaminas,Medisuministros,2,26.59,15.63,53.18,155
513,2025-02-23,Metformina 850mg,Diabetes,Quimica Sur,3,34.13,20.17,102.39,43
514,2025-02-10,Enjuague Bucal,Higiene Bucal,FarmaGlobal,3,79.26,54.5,237.78,48
515,2024-09-16,Enjuague Bucal,Higiene Bucal,Quimica Sur,3,49.1,28.45,147.3,169
516,2024-12-02,Protector Solar SPF50,Cuidado Personal,Medisuministros,5,64.55,46.91,322.75,6
517,2025-01-04,Paracetamol 500mg,Analgésicos,Quimica Sur,4,29.35,19.93,117.4,56
518,2024-10-14,Omeprazol 20mg,Protectores Gástricos,BioGen Distribuciones,5,55.33,33.24,276.65,152
519,2025-06-16,Amoxicilina 875mg,Antibióticos,BioGen Distribuciones,4,26.47,17.25,105.88,178
520,2025-06-09,Atorvastatina 20mg,Colesterol,BioGen Distribuciones,1,60.27,32.01,60.27,147
521,2025-05-03,Ibuprofeno 600mg,Antiinflamatorios,Medisuministros,2,13.3,9.51,26.6,86
522,2025-02-02,Metformina 850mg,Diabetes,Medisuministros,1,11.2,8.22,11.2,74
523,2024-12-22,Jarabe para la Tos,Resfriado y Gripe,Medisuministros,1,60.04,42.66,60.04,94
524,2024-09-24,Amoxicilina 875mg,Antibióticos,Medisuministros,5,10.55,8.18,52.75,90
525,2025-02-05,Crema Hidratante,Cuidado Personal,SaludVital,5,3.22,2.13,16.1,58
526,2024-07-20,Tiras Reactivas Glucosa,Equipos de Medición,BioGen Distribuciones,1,8.32,4.3,8.32,138
527,2024-10-23,Protector Solar SPF50,Cuidado Personal,Quimica Sur,1,54.58,33.41,54.58,95
528,2025-01-13,Crema Hidratante,Cuidado Personal,Quimica Sur,2,75.49,56.78,150.98,9
529,2024-07-04,Atorvastatina 20mg,Colesterol,BioGen Distribuciones,5,41.79,28.44,208.95,141
530,2024-09-15,Atorvastatina 20mg,Colesterol,FarmaGlobal,4,79.37,53.18,317.48,53
531,2025-05-29,Loratadina 10mg,Antihistamínicos,Quimica Sur,4,18.18,10.51,72.72,62
532,2025-02-06,Loratadina 10mg,Antihistamínicos,BioGen Distribuciones,5,60.05,44.39,300.25,90
533,2024-10-28,Tiras Reactivas Glucosa,Equipos de Medición,Medisuministros,5,42.85,21.93,214.25,96
534,2025-03-02,Atorvastatina 20mg,Colesterol,FarmaGlobal,3,55.17,32.84,165.51,2
535,2025-05-30,Tiras Reactivas Glucosa,Equipos de Medición,SaludVital,5,51.88,39.75,259.4,148
536,2024-12-21,Amoxicilina 875mg,Antibióticos,SaludVital,4,27.83,14.15,111.32,63
537,2025-02-22,Metformina 850mg,Diabetes,BioGen Distribuciones,1,24.94,16.73,24.94,101
538,2024-10-31,Protector Solar SPF50,Cuidado Personal,SaludVital,2,31.9,16.18,63.8,194
539,2025-05-09,Diazepam 5mg,Ansiolíticos,BioGen Distribuciones,1,31.64,19.75,31.64,100
540,2024-11-03,Omeprazol 20mg,Protectores Gástricos,Quimica Sur,1,12.58,7.47,12.58,53
541,2025-03-21,Crema Hidratante,Cuidado Personal,BioGen Distribuciones,1,23.06,15.48,23.06,131
542,2024-07-09,Atorvastatina 20mg,Colesterol,Quimica Sur,5,39.33,24.15,196.65,192
543,2024-11-12,Loratadina 10mg,Antihistamínicos,BioGen Distribuciones,4,31.56,22.39,126.24,5
544,2024-11-04,Omeprazol 20mg,Protectores Gástricos,SaludVital,4,44.31,32.35,177.24,126
545,2025-05-15,Ibuprofeno 600mg,Antiinflamatorios,Quimica Sur,2,34.2,20.28,68.4,81
546,2025-02-06,Loratadina 10mg,Antihistamínicos,Quimica Sur,4,22.89,14.07,91.56,3
547,2025-01-23,Diazepam 5mg,Ansiolíticos,Medisuministros,1,42.52,30.11,42.52,50
548,2024-07-20,Tiras Reactivas Glucosa,Equipos de Medición,Quimica Sur,3,78.49,41.67,235.47,0
549,2024-11-13,Vitamina C 1000mg,Vitaminas,BioGen Distribuciones,2,24.62,17.61,49.24,147
550,2025-02-03,Crema Hidratante,Cuidado Personal,BioGen Distribuciones,1,45.26,30.67,45.26,72
551,2024-09-07,Jarabe para la Tos,Resfriado y Gripe,Medisuministros,1,75.49,38.97,75.49,135
552,2025-03-03,Enjuague Bucal,Higiene Bucal,FarmaGlobal,3,41.51,24.67,124.53,7
553,2024-08-13,Jarabe para la Tos,Resfriado y Gripe,SaludVital,4,66.39,44.94,265.56,185
554,2024-10-14,Protector Solar SPF50,Cuidado Personal,Medisuministros,1,18.16,13.78,18.16,49
555,2024-11-03,Amoxicilina 875mg,Antibióticos,Medisuministros,1,11.25,5.76,11.25,146
556,2025-05-05,Crema Hidratante,Cuidado Personal,Quimica Sur,4,3.26,2.16,13.04,50
557,2025-04-30,Diazepam 5mg,Ansiolíticos,BioGen Distribuciones,4,15.18,11.3,60.72,5
558,2024-09-29,Enjuague Bucal,Higiene Bucal,FarmaGlobal,2,56.4,40.68,112.8,87
559,2024-11-05,Atorvastatina 20mg,Colesterol,BioGen Distribuciones,1,38.34,24.31,38.34,120
560,2024-10-12,Ibuprofeno 600mg,Antiinflamatorios,Medisuministros,5,47.37,27.78,236.85,161
561,2024-06-28,Salbutamol Inhalador,Asma,Quimica Sur,1,74.85,50.69,74.85,194
562,2024-08-15,Crema Hidratante,Cuidado Personal,FarmaGlobal,1,12.59,8.43,12.59,32
563,2025-05-24,Omeprazol 20mg,Protectores Gástricos,FarmaGlobal,5,65.34,49.2,326.7,49
564,2025-05-28,Vitamina C 1000mg,Vitaminas,Medisuministros,2,25.43,14.54,50.86,9
565,2024-08-25,Jarabe para la Tos,Resfriado y Gripe,FarmaGlobal,1,44.78,23.38,44.78,137
566,2025-05-12,Atorvastatina 20mg,Colesterol,FarmaGlobal,4,8.33,5.48,33.32,32
567,2025-05-16,Metformina 850mg,Diabetes,BioGen Distribuciones,4,15.78,8.0,63.12,52
568,2024-10-27,Amoxicilina 875mg,Antibióticos,FarmaGlobal,4,11.78,6.58,47.12,18
569,2025-03-25,Crema Hidratante,Cuidado Personal,BioGen Distribuciones,4,55.64,36.85,222.56,150
570,2025-06-12,Amoxicilina 875mg,Antibióticos,Medisuministros,3,51.11,28.96,153.33,179
571,2025-06-19,Omeprazol 20mg,Protectores Gástricos,FarmaGlobal,2,14.15,7.72,28.3,88
572,2024-08-21,Omeprazol 20mg,Protectores Gástricos,SaludVital,2,43.18,24.69,86.36,165
573,2024-07-13,Omeprazol 20mg,Protectores Gástricos,SaludVital,2,70.71,42.36,141.42,24
574,2024-11-11,Atorvastatina 20mg,Colesterol,FarmaGlobal,5,34.31,25.71,171.55,83
575,2024-10-15,Salbutamol Inhalador,Asma,BioGen Distribuciones,4,14.85,11.47,59.4,20
576,2024-10-26,Crema Hidratante,Cuidado Personal,BioGen Distribuciones,2,66.69,42.84,133.38,118
577,2024-12-24,Protector Solar SPF50,Cuidado Personal,BioGen Distribuciones,2,68.37,54.07,136.74,124
578,2025-06-23,Tiras Reactivas Glucosa,Equipos de Medición,SaludVital,2,69.88,53.88,139.76,120
579,2025-03-18,Atorvastatina 20mg,Colesterol,SaludVital,4,19.63,12.77,78.52,126
580,2024-07-30,Diazepam 5mg,Ansiolíticos,SaludVital,5,16.22,8.82,81.1,83
581,2025-01-22,Metformina 850mg,Diabetes,SaludVital,1,40.26,28.53,40.26,135
582,2025-01-23,Metformina 850mg,Diabetes,FarmaGlobal,2,45.72,35.85,91.44,45
583,2024-12-10,Jarabe para la Tos,Resfriado y Gripe,SaludVital,1,75.01,40.78,75.01,27
584,2025-05-10,Metformina 850mg,Diabetes,Quimica Sur,5,51.58,35.06,257.9,103
585,2024-09-29,Salbutamol Inhalador,Asma,BioGen Distribuciones,3,27.0,18.51,81.0,149
586,2024-12-15,Protector Solar SPF50,Cuidado Personal,Medisuministros,1,4.47,2.99,4.47,165
587,2025-03-05,Ibuprofeno 600mg,Antiinflamatorios,FarmaGlobal,1,3.3,2.37,3.3,156
588,2025-06-18,Diazepam 5mg,Ansiolíticos,Medisuministros,3,79.9,62.36,239.7,132
589,2025-02-17,Paracetamol 500mg,Analgésicos,Medisuministros,2,4.13,2.77,8.26,190
590,2024-09-21,Metformina 850mg,Diabetes,Quimica Sur,2,21.37,13.56,42.74,22
591,2024-08-10,Jarabe para la Tos,Resfriado y Gripe,Medisuministros,3,24.92,18.65,74.76,60
592,2025-05-12,Metformina 850mg,Diabetes,Medisuministros,5,46.37,29.7,231.85,159
593,2024-08-07,Atorvastatina 20mg,Colesterol,BioGen Distribuciones,3,45.38,24.28,136.14,180
594,2024-10-08,Atorvastatina 20mg,Colesterol,FarmaGlobal,4,6.28,3.92,25.12,70
595,2025-06-10,Atorvastatina 20mg,Colesterol,Quimica Sur,4,45.3,26.3,181.2,128
596,2025-05-15,Omeprazol 20mg,Protectores Gástricos,Medisuministros,1,16.29,9.84,16.29,173
597,2024-09-08,Enjuague Bucal,Higiene Bucal,FarmaGlobal,1,7.03,4.27,7.03,140
598,2025-05-01,Crema Hidratante,Cuidado Personal,SaludVital,2,38.9,26.44,77.8,52
599,2025-06-11,Omeprazol 20mg,Protectores Gástricos,BioGen Distribuciones,2,5.97,3.37,11.94,166
600,2024-07-04,Atorvastatina 20mg,Colesterol,FarmaGlobal,5,72.48,48.79,362.4,33
601,2025-05-06,Tiras Reactivas Glucosa,Equipos de Medición,Quimica Sur,5,36.29,21.15,181.45,142
602,2025-01-16,Diazepam 5mg,Ansiolíticos,SaludVital,1,16.27,11.25,16.27,34
603,2024-08-16,Loratadina 10mg,Antihistamínicos,FarmaGlobal,3,76.44,38.37,229.32,130
604,2025-04-10,Diazepam 5mg,Ansiolíticos,Medisuministros,3,32.51,25.55,97.53,86
605,2025-04-11,Amoxicilina 875mg,Antibióticos,SaludVital,5,6.17,3.16,30.85,136
606,2025-06-04,Ibuprofeno 600mg,Antiinflamatorios,SaludVital,2,50.91,36.05,101.82,6
607,2025-03-07,Tiras Reactivas Glucosa,Equipos de Medición,Quimica Sur,2,13.09,9.62,26.18,122
608,2024-07-27,Amoxicilina 875mg,Antibióticos,Medisuministros,1,64.65,50.85,64.65,165
609,2024-10-11,Jarabe para la Tos,Resfriado y Gripe,FarmaGlobal,4,19.5,14.76,78.0,72
610,2025-02-28,Ibuprofeno 600mg,Antiinflamatorios,FarmaGlobal,5,51.05,29.28,255.25,29
611,2025-05-28,Ibuprofeno 600mg,Antiinflamatorios,Quimica Sur,3,22.06,12.55,66.18,93
612,2024-08-22,Vitamina C 1000mg,Vitaminas,Medisuministros,4,34.54,26.24,138.16,135
613,2024-12-17,Metformina 850mg,Diabetes,SaludVital,3,41.84,25.09,125.52,126
614,2025-03-28,Amoxicilina 875mg,Antibióticos,SaludVital,3,6.43,3.6,19.29,100
615,2024-08-15,Atorvastatina 20mg,Colesterol,FarmaGlobal,4,34.54,21.6,138.16,51
616,2025-01-08,Vitamina C 1000mg,Vitaminas,BioGen Distribuciones,1,67.21,35.13,67.21,157
617,2024-12-31,Diazepam 5mg,Ansiolíticos,Medisuministros,2,57.84,45.97,115.68,34
618,2024-12-14,Loratadina 10mg,Antihistamínicos,Quimica Sur,3,15.32,10.08,45.96,166
619,2024-08-13,Amoxicilina 875mg,Antibióticos,SaludVital,1,37.37,24.4,37.37,124
620,2025-01-30,Atorvastatina 20mg,Colesterol,SaludVital,2,73.19,47.09,146.38,0
621,2025-01-27,Vitamina C 1000mg,Vitaminas,SaludVital,4,37.16,25.76,148.64,166
622,2025-02-17,Protector Solar SPF50,Cuidado Personal,Medisuministros,3,46.05,30.28,138.15,146
623,2024-09-02,Vitamina C 1000mg,Vitaminas,Medisuministros,2,46.85,26.59,93.7,181
624,2025-02-25,Tiras Reactivas Glucosa,Equipos de Medición,Quimica Sur,2,62.4,46.88,124.8,99
625,2024-08-09,Paracetamol 500mg,Analgésicos,SaludVital,5,26.17,14.41,130.85,17
626,2025-01-12,Protector Solar SPF50,Cuidado Personal,FarmaGlobal,5,37.88,20.94,189.4,99
627,2025-01-03,Metformina 850mg,Diabetes,FarmaGlobal,3,61.42,31.89,184.26,161
628,2025-03-08,Atorvastatina 20mg,Colesterol,FarmaGlobal,4,19.32,13.46,77.28,160
629,2025-05-01,Diazepam 5mg,Ansiolíticos,SaludVital,3,21.61,15.63,64.83,71
630,2025-04-26,Paracetamol 500mg,Analgésicos,Medisuministros,2,34.08,23.73,68.16,123
631,2025-01-27,Ibuprofeno 600mg,Antiinflamatorios,FarmaGlobal,3,54.77,43.45,164.31,28
632,2025-05-06,Metformina 850mg,Diabetes,FarmaGlobal,2,17.78,11.53,35.56,137
633,2024-07-07,Crema Hidratante,Cuidado Personal,BioGen Distribuciones,2,57.03,32.45,114.06,125
634,2025-02-10,Vitamina C 1000mg,Vitaminas,BioGen Distribuciones,5,45.12,32.77,225.6,113
635,2025-04-03,Paracetamol 500mg,Analgésicos,FarmaGlobal,3,70.3,55.23,210.9,162
636,2025-03-02,Vitamina C 1000mg,Vitaminas,Quimica Sur,4,61.2,42.07,244.8,3
637,2025-02-03,Paracetamol 500mg,Analgésicos,BioGen Distribuciones,3,13.75,8.63,41.25,199
638,2025-01-04,Crema Hidratante,Cuidado Personal,SaludVital,4,29.33,22.35,117.32,52
639,2024-12-16,Jarabe para la Tos,Resfriado y Gripe,SaludVital,3,48.49,25.08,145.47,199
640,2024-10-22,Ibuprofeno 600mg,Antiinflamatorios,FarmaGlobal,2,63.49,39.72,126.98,7
641,2024-09-18,Tiras Reactivas Glucosa,Equipos de Medición,Medisuministros,4,67.78,44.24,271.12,70
642,2024-12-03,Omeprazol 20mg,Protectores Gástricos,Medisuministros,5,50.22,38.93,251.1,93
643,2025-05-07,Atorvastatina 20mg,Colesterol,Medisuministros,1,7.92,5.4,7.92,118
644,2024-07-26,Jarabe para la Tos,Resfriado y Gripe,SaludVital,2,18.02,9.28,36.04,97
645,2025-04-26,Omeprazol 20mg,Protectores Gástricos,BioGen Distribuciones,5,3.98,3.18,19.9,167
646,2025-05-21,Paracetamol 500mg,Analgésicos,BioGen Distribuciones,3,73.27,37.76,219.81,32
647,2025-01-12,Tiras Reactivas Glucosa,Equipos de Medición,Quimica Sur,5,39.47,30.13,197.35,121
648,2025-05-05,Salbutamol Inhalador,Asma,Medisuministros,3,36.26,19.64,108.78,138
649,2025-05-19,Omeprazol 20mg,Protectores Gástricos,FarmaGlobal,3,13.75,10.69,41.25,105
650,2024-08-29,Salbutamol Inhalador,Asma,Medisuministros,1,30.64,15.36,30.64,74
651,2025-01-03,Ibuprofeno 600mg,Antiinflamatorios,SaludVital,2,66.41,45.0,132.82,49
652,2024-09-17,Vitamina C 1000mg,Vitaminas,Quimica Sur,1,77.51,48.39,77.51,77
653,2025-02-15,Atorvastatina 20mg,Colesterol,FarmaGlobal,5,47.88,27.51,239.4,110
654,2024-08-16,Tiras Reactivas Glucosa,Equipos de Medición,Quimica Sur,2,5.82,4.53,11.64,8
655,2025-06-03,Protector Solar SPF50,Cuidado Personal,Quimica Sur,3,73.56,54.52,220.68,157
656,2024-09-22,Amoxicilina 875mg,Antibióticos,SaludVital,4,66.61,38.38,266.44,132
657,2024-10-15,Amoxicilina 875mg,Antibióticos,BioGen Distribuciones,3,16.15,8.16,48.45,27
658,2025-05-30,Protector Solar SPF50,Cuidado Personal,Medisuministros,2,33.1,21.19,66.2,115
659,2025-04-19,Omeprazol 20mg,Protectores Gástricos,Medisuministros,5,36.81,19.29,184.05,47
660,2024-07-25,Ibuprofeno 600mg,Antiinflamatorios,Medisuministros,2,19.53,13.37,39.06,153
661,2024-09-15,Diazepam 5mg,Ansiolíticos,SaludVital,1,45.49,26.76,45.49,165
662,2025-03-24,Enjuague Bucal,Higiene Bucal,BioGen Distribuciones,2,10.68,7.54,21.36,6
663,2025-04-27,Diazepam 5mg,Ansiolíticos,SaludVital,4,67.29,52.68,269.16,6
664,2024-10-19,Omeprazol 20mg,Protectores Gástricos,FarmaGlobal,5,59.02,42.15,295.1,176
665,2025-02-10,Omeprazol 20mg,Protectores Gástricos,FarmaGlobal,4,15.17,11.65,60.68,196
666,2025-04-17,Protector Solar SPF50,Cuidado Personal,BioGen Distribuciones,4,8.1,6.46,32.4,98
667,2025-06-04,Jarabe para la Tos,Resfriado y Gripe,FarmaGlobal,5,42.52,26.84,212.6,153
668,2025-04-14,Tiras Reactivas Glucosa,Equipos de Medición,FarmaGlobal,1,75.36,48.67,75.36,180
669,2024-12-02,Paracetamol 500mg,Analgésicos,Medisuministros,4,23.77,12.68,95.08,21
670,2024-08-09,Vitamina C 1000mg,Vitaminas,Quimica Sur,1,19.17,13.12,19.17,148
671,2025-01-05,Salbutamol Inhalador,Asma,SaludVital,5,78.06,55.88,390.3,105
672,2024-07-06,Amoxicilina 875mg,Antibióticos,SaludVital,1,69.35,48.6,69.35,42
673,2025-02-17,Vitamina C 1000mg,Vitaminas,Medisuministros,5,15.4,12.27,77.0,183
674,2024-11-02,Vitamina C 1000mg,Vitaminas,BioGen Distribuciones,2,56.7,45.11,113.4,76
675,2025-06-14,Tiras Reactivas Glucosa,Equipos de Medición,Quimica Sur,3,30.6,23.0,91.8,147
676,2024-09-21,Amoxicilina 875mg,Antibióticos,SaludVital,1,35.86,25.95,35.86,2
677,2024-07-20,Diazepam 5mg,Ansiolíticos,BioGen Distribuciones,4,35.27,22.36,141.08,20
678,2024-11-17,Ibuprofeno 600mg,Antiinflamatorios,Medisuministros,5,20.65,14.31,103.25,47
679,2024-10-16,Crema Hidratante,Cuidado Personal,Quimica Sur,4,39.73,26.36,158.92,196
680,2024-11-23,Paracetamol 500mg,Analgésicos,Medisuministros,5,17.04,11.81,85.2,72
681,2025-05-27,Amoxicilina 875mg,Antibióticos,Quimica Sur,3,27.97,16.72,83.91,127
682,2024-07-24,Jarabe para la Tos,Resfriado y Gripe,SaludVital,3,47.74,25.63,143.22,68
683,2025-04-12,Tiras Reactivas Glucosa,Equipos de Medición,Quimica Sur,4,6.2,3.52,24.8,6
684,2025-03-31,Enjuague Bucal,Higiene Bucal,BioGen Distribuciones,4,6.61,3.82,26.44,45
685,2024-12-18,Salbutamol Inhalador,Asma,FarmaGlobal,4,41.78,30.13,167.12,19
686,2024-11-23,Protector Solar SPF50,Cuidado Personal,BioGen Distribuciones,3,29.82,21.12,89.46,35
687,2024-12-17,Ibuprofeno 600mg,Antiinflamatorios,Quimica Sur,3,23.86,16.86,71.58,31
688,2025-05-21,Loratadina 10mg,Antihistamínicos,Medisuministros,3,22.38,15.49,67.14,161
689,2025-02-22,Tiras Reactivas Glucosa,Equipos de Medición,Quimica Sur,3,28.64,22.33,85.92,74
690,2024-10-04,Diazepam 5mg,Ansiolíticos,BioGen Distribuciones,1,6.03,4.13,6.03,70
691,2024-07-01,Loratadina 10mg,Antihistamínicos,Medisuministros,3,26.76,18.3,80.28,144
692,2025-06-23,Amoxicilina 875mg,Antibióticos,Medisuministros,2,57.67,39.49,115.34,81
693,2025-02-10,Tiras Reactivas Glucosa,Equipos de Medición,Medisuministros,5,30.47,22.62,152.35,105
694,2025-03-30,Loratadina 10mg,Antihistamínicos,BioGen Distribuciones,4,71.36,45.84,285.44,139
695,2025-04-09,Ibuprofeno 600mg,Antiinflamatorios,Quimica Sur,2,63.8,32.61,127.6,175
696,2024-12-22,Enjuague Bucal,Higiene Bucal,FarmaGlobal,1,37.76,27.63,37.76,185
697,2024-10-09,Metformina 850mg,Diabetes,Medisuministros,4,7.69,5.45,30.76,138
698,2024-06-29,Protector Solar SPF50,Cuidado Personal,FarmaGlobal,2,54.71,40.55,109.42,1
699,2025-04-04,Omeprazol 20mg,Protectores Gástricos,Quimica Sur,1,77.96,59.42,77.96,187
700,2024-10-30,Tiras Reactivas Glucosa,Equipos de Medición,Quimica Sur,3,24.2,16.24,72.6,74
701,2025-02-24,Metformina 850mg,Diabetes,Quimica Sur,3,21.31,16.59,63.93,140
702,2024-09-21,Salbutamol Inhalador,Asma,BioGen Distribuciones,4,6.33,4.94,25.32,125
703,2025-03-06,Amoxicilina 875mg,Antibióticos,Quimica Sur,1,19.2,9.65,19.2,149
704,2024-07-08,Jarabe para la Tos,Resfriado y Gripe,FarmaGlobal,4,40.87,21.81,163.48,87
705,2024-12-25,Diazepam 5mg,Ansiolíticos,FarmaGlobal,2,69.02,48.88,138.04,29
706,2025-06-12,Atorvastatina 20mg,Colesterol,SaludVital,2,64.62,38.97,129.24,71
707,2024-12-17,Diazepam 5mg,Ansiolíticos,Medisuministros,4,2.73,1.82,10.92,148
708,2024-12-20,Omeprazol 20mg,Protectores Gástricos,FarmaGlobal,4,39.63,21.31,158.52,128
709,2024-08-18,Tiras Reactivas Glucosa,Equipos de Medición,FarmaGlobal,1,64.06,38.9,64.06,179
710,2024-08-24,Ibuprofeno 600mg,Antiinflamatorios,SaludVital,1,11.38,6.26,11.38,164
711,2025-04-05,Tiras Reactivas Glucosa,Equipos de Medición,Medisuministros,5,57.43,42.0,287.15,35
712,2024-07-04,Salbutamol Inhalador,Asma,FarmaGlobal,1,60.02,37.44,60.02,85
713,2024-12-19,Enjuague Bucal,Higiene Bucal,Quimica Sur,2,45.86,34.7,91.72,100
714,2025-06-27,Ibuprofeno 600mg,Antiinflamatorios,Quimica Sur,4,18.82,10.29,75.28,66
715,2025-02-12,Metformina 850mg,Diabetes,Medisuministros,2,62.29,39.45,124.58,140
716,2025-04-01,Paracetamol 500mg,Analgésicos,BioGen Distribuciones,4,42.29,33.8,169.16,154
717,2024-07-19,Salbutamol Inhalador,Asma,FarmaGlobal,2,77.15,53.27,154.3,87
718,2025-05-25,Enjuague Bucal,Higiene Bucal,SaludVital,5,69.54,38.4,347.7,164
719,2024-11-11,Crema Hidratante,Cuidado Personal,BioGen Distribuciones,5,37.06,28.72,185.3,165
720,2025-03-18,Diazepam 5mg,Ansiolíticos,BioGen Distribuciones,4,33.41,21.65,133.64,159
721,2024-10-03,Loratadina 10mg,Antihistamínicos,SaludVital,2,13.11,8.68,26.22,136
722,2025-02-22,Enjuague Bucal,Higiene Bucal,Medisuministros,5,68.64,38.44,343.2,191
723,2025-04-19,Protector Solar SPF50,Cuidado Personal,BioGen Distribuciones,4,55.63,36.55,222.52,75
724,2024-10-20,Paracetamol 500mg,Analgésicos,SaludVital,1,61.08,48.55,61.08,89
725,2024-11-07,Ibuprofeno 600mg,Antiinflamatorios,Medisuministros,1,10.01,5.59,10.01,8
726,2025-04-09,Amoxicilina 875mg,Antibióticos,Quimica Sur,1,64.36,40.86,64.36,33
727,2025-03-16,Protector Solar SPF50,Cuidado Personal,BioGen Distribuciones,4,32.69,17.7,130.76,120
728,2024-10-24,Amoxicilina 875mg,Antibióticos,BioGen Distribuciones,3,41.9,26.27,125.7,74
729,2024-08-06,Paracetamol 500mg,Analgésicos,SaludVital,4,20.7,14.52,82.8,108
730,2024-10-02,Amoxicilina 875mg,Antibióticos,FarmaGlobal,1,44.81,35.16,44.81,152
731,2024-08-28,Crema Hidratante,Cuidado Personal,Quimica Sur,5,11.59,8.48,57.95,83
732,2025-03-15,Loratadina 10mg,Antihistamínicos,BioGen Distribuciones,3,3.31,2.13,9.93,105
733,2025-05-17,Enjuague Bucal,Higiene Bucal,SaludVital,4,42.11,33.28,168.44,164
734,2025-03-29,Atorvastatina 20mg,Colesterol,BioGen Distribuciones,4,28.93,19.71,115.72,92
735,2025-06-15,Paracetamol 500mg,Analgésicos,BioGen Distribuciones,1,33.49,22.15,33.49,133
736,2024-07-25,Salbutamol Inhalador,Asma,Medisuministros,4,52.07,32.4,208.28,184
737,2024-08-29,Protector Solar SPF50,Cuidado Personal,Quimica Sur,4,60.08,41.96,240.32,177
738,2025-06-10,Vitamina C 1000mg,Vitaminas,Medisuministros,3,46.24,26.25,138.72,175
739,2025-01-15,Paracetamol 500mg,Analgésicos,SaludVital,1,44.03,33.89,44.03,98
740,2025-06-16,Ibuprofeno 600mg,Antiinflamatorios,SaludVital,3,55.79,35.89,167.37,174
741,2025-03-06,Vitamina C 1000mg,Vitaminas,SaludVital,4,65.78,38.62,263.12,48
742,2024-11-08,Paracetamol 500mg,Analgésicos,Quimica Sur,3,7.16,4.03,21.48,38
743,2024-12-11,Tiras Reactivas Glucosa,Equipos de Medición,FarmaGlobal,3,2.57,1.6,7.71,72
744,2025-04-12,Loratadina 10mg,Antihistamínicos,Quimica Sur,3,49.1,30.38,147.3,176
745,2024-09-05,Vitamina C 1000mg,Vitaminas,BioGen Distribuciones,1,14.75,9.18,14.75,160
746,2025-06-15,Tiras Reactivas Glucosa,Equipos de Medición,BioGen Distribuciones,5,5.64,3.67,28.2,127
747,2025-01-09,Omeprazol 20mg,Protectores Gástricos,BioGen Distribuciones,2,65.73,33.65,131.46,179
748,2025-06-19,Paracetamol 500mg,Analgésicos,Quimica Sur,4,46.77,29.94,187.08,131
749,2025-01-16,Vitamina C 1000mg,Vitaminas,FarmaGlobal,1,9.92,6.94,9.92,90
750,2025-05-03,Vitamina C 1000mg,Vitaminas,Medisuministros,3,6.18,3.11,18.54,35
751,2025-05-20,Crema Hidratante,Cuidado Personal,Medisuministros,2,12.73,7.92,25.46,96
752,2024-07-17,Loratadina 10mg,Antihistamínicos,FarmaGlobal,4,17.12,12.35,68.48,142
753,2025-01-01,Enjuague Bucal,Higiene Bucal,FarmaGlobal,5,48.18,37.59,240.9,16
754,2025-03-11,Omeprazol 20mg,Protectores Gástricos,Medisuministros,1,23.16,16.87,23.16,151
755,2024-11-10,Ibuprofeno 600mg,Antiinflamatorios,SaludVital,5,45.82,24.93,229.1,6
756,2024-10-02,Metformina 850mg,Diabetes,FarmaGlobal,3,57.34,34.5,172.02,106
757,2024-12-20,Atorvastatina 20mg,Colesterol,SaludVital,3,58.52,40.56,175.56,157
758,2024-11-18,Protector Solar SPF50,Cuidado Personal,Medisuministros,3,15.49,8.56,46.47,45
759,2024-09-24,Vitamina C 1000mg,Vitaminas,Quimica Sur,4,44.58,26.93,178.32,74
760,2024-06-30,Tiras Reactivas Glucosa,Equipos de Medición,Quimica Sur,4,67.51,52.17,270.04,87
761,2024-08-18,Atorvastatina 20mg,Colesterol,SaludVital,2,66.76,48.66,133.52,51
762,2025-06-26,Amoxicilina 875mg,Antibióticos,SaludVital,5,22.91,12.36,114.55,146
763,2024-08-07,Protector Solar SPF50,Cuidado Personal,FarmaGlobal,4,45.29,26.72,181.16,105
764,2024-09-12,Amoxicilina 875mg,Antibióticos,BioGen Distribuciones,4,44.85,23.9,179.4,176
765,2025-04-12,Crema Hidratante,Cuidado Personal,Quimica Sur,3,10.57,6.17,31.71,40
766,2025-05-22,Enjuague Bucal,Higiene Bucal,SaludVital,2,4.7,3.49,9.4,20
767,2024-08-09,Protector Solar SPF50,Cuidado Personal,SaludVital,3,77.13,46.37,231.39,20
768,2025-02-02,Amoxicilina 875mg,Antibióticos,Medisuministros,1,78.4,54.18,78.4,59
769,2025-03-10,Diazepam 5mg,Ansiolíticos,SaludVital,2,13.19,7.2,26.38,196
770,2024-08-22,Amoxicilina 875mg,Antibióticos,Quimica Sur,2,64.82,43.23,129.64,189
771,2025-02-25,Tiras Reactivas Glucosa,Equipos de Medición,FarmaGlobal,3,9.05,5.48,27.15,37
772,2025-01-17,Paracetamol 500mg,Analgésicos,Quimica Sur,4,69.82,50.49,279.28,74
773,2025-04-10,Amoxicilina 875mg,Antibióticos,SaludVital,3,64.35,36.53,193.05,88
774,2025-05-15,Enjuague Bucal,Higiene Bucal,Quimica Sur,5,37.84,26.87,189.2,26
775,2025-01-27,Vitamina C 1000mg,Vitaminas,FarmaGlobal,3,54.84,32.34,164.52,78
776,2025-03-19,Jarabe para la Tos,Resfriado y Gripe,SaludVital,3,60.22,31.0,180.66,43
777,2025-04-11,Omeprazol 20mg,Protectores Gástricos,Quimica Sur,4,15.03,9.18,60.12,187
778,2025-03-11,Metformina 850mg,Diabetes,FarmaGlobal,4,4.44,2.99,17.76,24
779,2024-08-19,Tiras Reactivas Glucosa,Equipos de Medición,Medisuministros,5,49.02,26.48,245.1,59
780,2024-11-01,Vitamina C 1000mg,Vitaminas,Medisuministros,4,9.25,7.39,37.0,177
781,2025-06-20,Salbutamol Inhalador,Asma,Quimica Sur,4,59.5,37.94,238.0,29
782,2024-08-27,Paracetamol 500mg,Analgésicos,BioGen Distribuciones,4,33.17,19.75,132.68,167
783,2025-05-19,Crema Hidratante,Cuidado Personal,FarmaGlobal,4,51.41,34.56,205.64,92
784,2024-09-09,Jarabe para la Tos,Resfriado y Gripe,Medisuministros,4,57.19,32.45,228.76,144
785,2025-05-15,Crema Hidratante,Cuidado Personal,FarmaGlobal,1,48.65,34.74,48.65,28
786,2024-11-20,Ibuprofeno 600mg,Antiinflamatorios,SaludVital,3,44.81,25.87,134.43,15
787,2024-08-19,Vitamina C 1000mg,Vitaminas,Medisuministros,3,62.69,50.06,188.07,55
788,2024-07-12,Crema Hidratante,Cuidado Personal,BioGen Distribuciones,1,54.88,35.42,54.88,157
789,2025-05-01,Vitamina C 1000mg,Vitaminas,Quimica Sur,5,70.21,55.74,351.05,182
790,2024-07-29,Diazepam 5mg,Ansiolíticos,Quimica Sur,4,19.7,13.88,78.8,55
791,2025-06-01,Enjuague Bucal,Higiene Bucal,SaludVital,2,21.26,16.72,42.52,177
792,2025-05-11,Omeprazol 20mg,Protectores Gástricos,Quimica Sur,5,16.03,12.03,80.15,199
793,2024-06-29,Enjuague Bucal,Higiene Bucal,BioGen Distribuciones,2,14.57,11.61,29.14,125
794,2024-10-30,Atorvastatina 20mg,Colesterol,BioGen Distribuciones,4,8.01,4.76,32.04,147
795,2025-06-27,Enjuague Bucal,Higiene Bucal,FarmaGlobal,4,11.29,7.24,45.16,142
796,2025-06-15,Ibuprofeno 600mg,Antiinflamatorios,BioGen Distribuciones,1,65.51,46.74,65.51,178
797,2025-01-12,Enjuague Bucal,Higiene Bucal,SaludVital,4,15.11,10.47,60.44,99
798,2025-02-16,Diazepam 5mg,Ansiolíticos,SaludVital,4,61.72,46.38,246.88,149
799,2025-03-03,Ibuprofeno 600mg,Antiinflamatorios,BioGen Distribuciones,4,79.46,45.45,317.84,159
800,2025-05-26,Protector Solar SPF50,Cuidado Personal,FarmaGlobal,4,39.56,21.39,158.24,109
801,2025-03-07,Salbutamol Inhalador,Asma,FarmaGlobal,2,57.31,42.9,114.62,139
802,2025-02-16,Amoxicilina 875mg,Antibióticos,Medisuministros,1,49.56,34.56,49.56,67
803,2025-01-22,Loratadina 10mg,Antihistamínicos,Quimica Sur,5,18.54,10.78,92.7,64
804,2025-02-12,Loratadina 10mg,Antihistamínicos,SaludVital,4,62.52,38.42,250.08,5
805,2024-09-12,Jarabe para la Tos,Resfriado y Gripe,Quimica Sur,3,74.79,52.32,224.37,107
806,2025-01-28,Crema Hidratante,Cuidado Personal,FarmaGlobal,1,55.0,41.11,55.0,75
807,2025-04-02,Jarabe para la Tos,Resfriado y Gripe,Medisuministros,3,37.42,26.0,112.26,8
808,2024-12-08,Amoxicilina 875mg,Antibióticos,FarmaGlobal,2,34.12,20.68,68.24,121
809,2025-04-22,Loratadina 10mg,Antihistamínicos,SaludVital,4,58.54,29.42,234.16,172
810,2024-08-23,Loratadina 10mg,Antihistamínicos,FarmaGlobal,3,8.09,5.97,24.27,86
811,2025-04-29,Crema Hidratante,Cuidado Personal,Medisuministros,3,60.99,44.98,182.97,38
812,2024-09-06,Metformina 850mg,Diabetes,SaludVital,3,42.29,30.9,126.87,169
813,2025-03-04,Ibuprofeno 600mg,Antiinflamatorios,FarmaGlobal,3,48.4,31.72,145.2,30
814,2025-06-06,Crema Hidratante,Cuidado Personal,FarmaGlobal,3,23.59,13.9,70.77,112
815,2024-08-04,Enjuague Bucal,Higiene Bucal,Medisuministros,4,19.56,13.08,78.24,142
816,2025-05-10,Paracetamol 500mg,Analgésicos,SaludVital,2,51.82,28.54,103.64,171
817,2024-12-31,Enjuague Bucal,Higiene Bucal,Quimica Sur,4,17.65,9.09,70.6,96
818,2025-06-26,Omeprazol 20mg,Protectores Gástricos,Quimica Sur,3,74.86,48.25,224.58,100
819,2024-10-26,Atorvastatina 20mg,Colesterol,FarmaGlobal,3,33.05,23.57,99.15,111
820,2024-07-28,Tiras Reactivas Glucosa,Equipos de Medición,BioGen Distribuciones,5,20.09,14.36,100.45,91
821,2025-06-02,Protector Solar SPF50,Cuidado Personal,Quimica Sur,2,14.48,8.36,28.96,5
822,2025-05-02,Jarabe para la Tos,Resfriado y Gripe,BioGen Distribuciones,4,43.25,29.31,173.0,40
823,2024-10-07,Amoxicilina 875mg,Antibióticos,Quimica Sur,1,75.39,43.46,75.39,136
824,2024-12-07,Enjuague Bucal,Higiene Bucal,SaludVital,1,35.25,22.52,35.25,42
825,2024-08-15,Tiras Reactivas Glucosa,Equipos de Medición,BioGen Distribuciones,5,8.37,4.72,41.85,161
826,2025-05-28,Ibuprofeno 600mg,Antiinflamatorios,BioGen Distribuciones,3,53.43,42.54,160.29,168
827,2025-02-01,Crema Hidratante,Cuidado Personal,FarmaGlobal,3,9.84,7.2,29.52,179
828,2024-11-19,Vitamina C 1000mg,Vitaminas,Medisuministros,4,8.03,6.07,32.12,43
829,2025-01-24,Metformina 850mg,Diabetes,BioGen Distribuciones,3,55.56,36.02,166.68,151
830,2024-11-18,Jarabe para la Tos,Resfriado y Gripe,SaludVital,3,47.17,29.05,141.51,75
831,2024-10-26,Salbutamol Inhalador,Asma,Quimica Sur,2,70.65,41.73,141.3,127
832,2025-04-22,Metformina 850mg,Diabetes,SaludVital,3,68.3,45.67,204.9,111
833,2024-07-31,Enjuague Bucal,Higiene Bucal,BioGen Distribuciones,5,4.78,3.49,23.9,136
834,2025-01-30,Diazepam 5mg,Ansiolíticos,Quimica Sur,5,33.69,17.13,168.45,94
835,2024-12-09,Loratadina 10mg,Antihistamínicos,SaludVital,4,71.95,37.09,287.8,178
836,2025-01-11,Ibuprofeno 600mg,Antiinflamatorios,Quimica Sur,3,5.71,3.25,17.13,173
837,2024-07-16,Tiras Reactivas Glucosa,Equipos de Medición,BioGen Distribuciones,3,48.94,27.73,146.82,58
838,2025-05-11,Salbutamol Inhalador,Asma,BioGen Distribuciones,2,38.21,27.08,76.42,5
839,2024-10-10,Tiras Reactivas Glucosa,Equipos de Medición,Medisuministros,5,40.48,28.86,202.4,170
840,2025-01-31,Omeprazol 20mg,Protectores Gástricos,Quimica Sur,1,39.45,20.99,39.45,80
841,2025-03-31,Omeprazol 20mg,Protectores Gástricos,SaludVital,1,8.23,4.5,8.23,126
842,2025-05-09,Atorvastatina 20mg,Colesterol,Quimica Sur,3,49.11,25.37,147.33,105
843,2024-08-25,Metformina 850mg,Diabetes,FarmaGlobal,3,37.94,20.16,113.82,1
844,2025-06-07,Crema Hidratante,Cuidado Personal,SaludVital,5,12.81,7.2,64.05,164
845,2024-07-06,Paracetamol 500mg,Analgésicos,Medisuministros,5,70.82,41.09,354.1,184
846,2025-06-13,Enjuague Bucal,Higiene Bucal,SaludVital,3,11.5,7.18,34.5,62
847,2024-07-14,Paracetamol 500mg,Analgésicos,Quimica Sur,3,46.45,36.76,139.35,77
848,2024-12-08,Enjuague Bucal,Higiene Bucal,Medisuministros,3,56.66,34.84,169.98,71
849,2025-01-12,Jarabe para la Tos,Resfriado y Gripe,SaludVital,2,34.38,22.81,68.76,72
850,2024-10-29,Ibuprofeno 600mg,Antiinflamatorios,SaludVital,2,39.97,30.37,79.94,56
851,2025-05-26,Protector Solar SPF50,Cuidado Personal,FarmaGlobal,4,9.96,6.22,39.84,74
852,2025-03-20,Enjuague Bucal,Higiene Bucal,Medisuministros,2,66.6,47.97,133.2,164
853,2025-01-06,Loratadina 10mg,Antihistamínicos,Quimica Sur,1,44.49,31.09,44.49,148
854,2025-06-09,Salbutamol Inhalador,Asma,FarmaGlobal,4,57.95,45.72,231.8,28
855,2024-12-29,Paracetamol 500mg,Analgésicos,FarmaGlobal,1,35.03,18.92,35.03,139
856,2025-01-06,Jarabe para la Tos,Resfriado y Gripe,Medisuministros,1,3.7,1.87,3.7,195
857,2024-07-11,Loratadina 10mg,Antihistamínicos,Medisuministros,2,45.23,32.45,90.46,2
858,2024-08-06,Metformina 850mg,Diabetes,Quimica Sur,5,61.13,37.85,305.65,14
859,2025-03-07,Enjuague Bucal,Higiene Bucal,BioGen Distribuciones,4,54.04,42.08,216.16,58
860,2025-01-30,Paracetamol 500mg,Analgésicos,Quimica Sur,5,64.32,40.39,321.6,38
861,2024-10-16,Vitamina C 1000mg,Vitaminas,SaludVital,3,15.08,11.43,45.24,155
862,2025-04-29,Metformina 850mg,Diabetes,FarmaGlobal,4,17.72,12.14,70.88,85
863,2024-09-12,Loratadina 10mg,Antihistamínicos,SaludVital,2,10.75,8.42,21.5,20
864,2024-07-07,Metformina 850mg,Diabetes,BioGen Distribuciones,4,57.98,36.97,231.92,34
865,2025-05-10,Atorvastatina 20mg,Colesterol,BioGen Distribuciones,2,59.47,45.51,118.94,86
866,2024-09-07,Amoxicilina 875mg,Antibióticos,SaludVital,5,49.52,36.81,247.6,85
867,2025-05-14,Enjuague Bucal,Higiene Bucal,SaludVital,3,3.72,2.17,11.16,153
868,2024-10-25,Jarabe para la Tos,Resfriado y Gripe,SaludVital,3,72.42,42.98,217.26,51
869,2025-06-08,Ibuprofeno 600mg,Antiinflamatorios,SaludVital,1,26.12,17.1,26.12,45
870,2025-04-03,Ibuprofeno 600mg,Antiinflamatorios,Medisuministros,2,38.82,21.4,77.64,195
871,2024-10-29,Atorvastatina 20mg,Colesterol,Medisuministros,4,35.74,25.89,142.96,13
872,2025-03-04,Crema Hidratante,Cuidado Personal,FarmaGlobal,2,17.11,8.84,34.22,5
873,2024-07-04,Vitamina C 1000mg,Vitaminas,FarmaGlobal,5,59.1,35.68,295.5,156
874,2024-09-24,Atorvastatina 20mg,Colesterol,Medisuministros,5,74.79,59.79,373.95,114
875,2025-04-28,Diazepam 5mg,Ansiolíticos,FarmaGlobal,5,66.48,37.26,332.4,171
876,2025-01-21,Salbutamol Inhalador,Asma,Quimica Sur,4,31.16,24.78,124.64,45
877,2024-07-01,Crema Hidratante,Cuidado Personal,FarmaGlobal,2,22.24,14.22,44.48,197
878,2025-03-19,Diazepam 5mg,Ansiolíticos,SaludVital,2,5.55,4.3,11.1,58
879,2024-09-02,Tiras Reactivas Glucosa,Equipos de Medición,SaludVital,1,73.73,38.71,73.73,45
880,2025-01-17,Metformina 850mg,Diabetes,Medisuministros,2,7.85,5.84,15.7,125
881,2025-05-16,Enjuague Bucal,Higiene Bucal,Medisuministros,2,64.91,40.58,129.82,142
882,2025-04-20,Protector Solar SPF50,Cuidado Personal,FarmaGlobal,4,24.9,13.81,99.6,98
883,2025-04-21,Enjuague Bucal,Higiene Bucal,FarmaGlobal,3,17.35,8.94,52.05,173
884,2025-03-22,Tiras Reactivas Glucosa,Equipos de Medición,BioGen Distribuciones,4,43.47,23.14,173.88,21
885,2024-10-21,Crema Hidratante,Cuidado Personal,Medisuministros,3,41.32,26.73,123.96,98
886,2025-05-08,Enjuague Bucal,Higiene Bucal,Quimica Sur,5,42.01,26.51,210.05,8
887,2025-03-17,Diazepam 5mg,Ansiolíticos,BioGen Distribuciones,3,54.76,39.5,164.28,183
888,2024-07-03,Vitamina C 1000mg,Vitaminas,BioGen Distribuciones,4,36.01,18.79,144.04,164
889,2024-08-04,Atorvastatina 20mg,Colesterol,FarmaGlobal,5,30.83,16.65,154.15,50
890,2024-11-05,Ibuprofeno 600mg,Antiinflamatorios,FarmaGlobal,3,9.08,6.22,27.24,28
891,2025-04-22,Jarabe para la Tos,Resfriado y Gripe,Quimica Sur,3,8.64,5.68,25.92,157
892,2024-09-11,Tiras Reactivas Glucosa,Equipos de Medición,Medisuministros,3,46.43,24.61,139.29,163
893,2024-09-24,Omeprazol 20mg,Protectores Gástricos,Quimica Sur,4,22.82,16.83,91.28,119
894,2024-07-20,Protector Solar SPF50,Cuidado Personal,Medisuministros,2,30.63,19.74,61.26,51
895,2024-12-18,Protector Solar SPF50,Cuidado Personal,Medisuministros,1,76.94,50.04,76.94,106
896,2025-04-25,Crema Hidratante,Cuidado Personal,Medisuministros,3,3.12,2.39,9.36,20
897,2025-01-12,Tiras Reactivas Glucosa,Equipos de Medición,BioGen Distribuciones,4,51.21,32.77,204.84,92
898,2025-03-22,Vitamina C 1000mg,Vitaminas,FarmaGlobal,2,60.0,34.35,120.0,78
899,2025-04-18,Amoxicilina 875mg,Antibióticos,Quimica Sur,3,66.49,42.37,199.47,125
900,2025-04-12,Loratadina 10mg,Antihistamínicos,Quimica Sur,3,10.26,7.94,30.78,185
901,2024-12-30,Crema Hidratante,Cuidado Personal,Quimica Sur,4,65.81,46.59,263.24,5
902,2025-05-26,Amoxicilina 875mg,Antibióticos,Medisuministros,5,4.76,2.56,23.8,60
903,2025-01-23,Salbutamol Inhalador,Asma,SaludVital,4,45.22,30.71,180.88,74
904,2024-08-05,Omeprazol 20mg,Protectores Gástricos,SaludVital,4,34.31,17.24,137.24,176
905,2024-10-25,Salbutamol Inhalador,Asma,Quimica Sur,3,41.93,29.11,125.79,80
906,2025-06-22,Loratadina 10mg,Antihistamínicos,SaludVital,3,42.88,21.49,128.64,151
907,2024-09-12,Paracetamol 500mg,Analgésicos,BioGen Distribuciones,2,26.89,19.93,53.78,64
908,2025-05-26,Loratadina 10mg,Antihistamínicos,Quimica Sur,3,47.78,34.57,143.34,147
909,2025-06-25,Vitamina C 1000mg,Vitaminas,SaludVital,2,62.07,47.06,124.14,176
910,2025-06-26,Ibuprofeno 600mg,Antiinflamatorios,Quimica Sur,5,56.46,37.48,282.3,9
911,2024-11-22,Diazepam 5mg,Ansiolíticos,BioGen Distribuciones,1,71.73,51.15,71.73,187
912,2024-08-03,Protector Solar SPF50,Cuidado Personal,Medisuministros,4,21.33,12.19,85.32,43
913,2025-01-31,Paracetamol 500mg,Analgésicos,Medisuministros,4,66.55,49.29,266.2,127
914,2025-04-20,Enjuague Bucal,Higiene Bucal,SaludVital,4,22.73,17.8,90.92,157
915,2024-11-02,Enjuague Bucal,Higiene Bucal,BioGen Distribuciones,5,62.6,42.29,313.0,30
916,2024-08-19,Enjuague Bucal,Higiene Bucal,SaludVital,5,62.78,46.01,313.9,181
917,2024-07-01,Salbutamol Inhalador,Asma,Medisuministros,1,71.21,47.03,71.21,99
918,2024-07-17,Diazepam 5mg,Ansiolíticos,Quimica Sur,1,40.18,28.2,40.18,197
919,2025-04-06,Atorvastatina 20mg,Colesterol,BioGen Distribuciones,4,42.07,26.19,168.28,127
920,2024-12-15,Paracetamol 500mg,Analgésicos,BioGen Distribuciones,2,71.03,37.48,142.06,99
921,2025-03-23,Diazepam 5mg,Ansiolíticos,Quimica Sur,1,19.22,13.44,19.22,61
922,2024-10-23,Enjuague Bucal,Higiene Bucal,Quimica Sur,1,48.39,34.4,48.39,140
923,2024-08-19,Amoxicilina 875mg,Antibióticos,Medisuministros,4,52.7,33.9,210.8,117
924,2025-05-20,Enjuague Bucal,Higiene Bucal,Medisuministros,4,41.04,28.14,164.16,23
925,2024-08-13,Paracetamol 500mg,Analgésicos,BioGen Distribuciones,2,31.25,22.81,62.5,32
926,2025-06-22,Salbutamol Inhalador,Asma,FarmaGlobal,1,3.96,2.01,3.96,35
927,2024-08-14,Ibuprofeno 600mg,Antiinflamatorios,Quimica Sur,5,37.74,28.15,188.7,34
928,2024-12-30,Atorvastatina 20mg,Colesterol,BioGen Distribuciones,1,77.95,49.99,77.95,69
929,2025-02-03,Protector Solar SPF50,Cuidado Personal,SaludVital,3,51.77,26.83,155.31,26
930,2024-10-24,Salbutamol Inhalador,Asma,FarmaGlobal,2,22.79,14.35,45.58,181
931,2025-04-06,Protector Solar SPF50,Cuidado Personal,FarmaGlobal,5,27.8,21.91,139.0,169
932,2025-03-07,Ibuprofeno 600mg,Antiinflamatorios,SaludVital,3,8.93,5.6,26.79,33
933,2024-10-10,Salbutamol Inhalador,Asma,BioGen Distribuciones,5,12.42,8.03,62.1,110
934,2024-11-19,Protector Solar SPF50,Cuidado Personal,Medisuministros,3,44.79,22.89,134.37,120
935,2025-03-26,Loratadina 10mg,Antihistamínicos,Quimica Sur,4,15.16,10.47,60.64,102
936,2025-03-06,Metformina 850mg,Diabetes,FarmaGlobal,1,26.29,14.7,26.29,53
937,2025-06-21,Jarabe para la Tos,Resfriado y Gripe,SaludVital,2,17.11,10.87,34.22,21
938,2024-12-18,Vitamina C 1000mg,Vitaminas,Quimica Sur,3,41.45,26.02,124.35,190
939,2025-03-29,Amoxicilina 875mg,Antibióticos,BioGen Distribuciones,5,51.62,27.76,258.1,14
940,2025-03-27,Vitamina C 1000mg,Vitaminas,FarmaGlobal,2,14.4,9.61,28.8,129
941,2024-08-16,Enjuague Bucal,Higiene Bucal,BioGen Distribuciones,1,58.91,36.29,58.91,160
942,2025-01-10,Diazepam 5mg,Ansiolíticos,Quimica Sur,4,13.15,7.4,52.6,190
943,2024-10-08,Crema Hidratante,Cuidado Personal,SaludVital,1,16.3,9.93,16.3,9
944,2025-04-28,Jarabe para la Tos,Resfriado y Gripe,FarmaGlobal,2,44.07,32.04,88.14,37
945,2025-03-08,Vitamina C 1000mg,Vitaminas,Quimica Sur,1,34.85,27.14,34.85,135
946,2024-10-20,Enjuague Bucal,Higiene Bucal,FarmaGlobal,5,14.85,8.96,74.25,77
947,2024-10-04,Ibuprofeno 600mg,Antiinflamatorios,Quimica Sur,4,11.19,8.55,44.76,198
948,2024-09-26,Tiras Reactivas Glucosa,Equipos de Medición,FarmaGlobal,4,35.25,22.36,141.0,148
949,2025-04-22,Jarabe para la Tos,Resfriado y Gripe,BioGen Distribuciones,2,60.24,44.01,120.48,114
950,2024-09-27,Metformina 850mg,Diabetes,FarmaGlobal,4,36.36,23.65,145.44,56
951,2025-06-24,Jarabe para la Tos,Resfriado y Gripe,FarmaGlobal,3,67.01,47.75,201.03,146
952,2025-06-22,Amoxicilina 875mg,Antibióticos,Medisuministros,5,12.44,7.89,62.2,153
953,2025-03-15,Vitamina C 1000mg,Vitaminas,Medisuministros,2,43.14,23.66,86.28,170
954,2024-10-22,Diazepam 5mg,Ansiolíticos,BioGen Distribuciones,5,49.39,31.71,246.95,169
955,2025-03-06,Crema Hidratante,Cuidado Personal,Quimica Sur,5,39.71,22.02,198.55,19
956,2024-11-19,Jarabe para la Tos,Resfriado y Gripe,BioGen Distribuciones,1,23.33,16.31,23.33,23
957,2024-10-03,Salbutamol Inhalador,Asma,SaludVital,2,27.51,21.4,55.02,9
958,2025-05-27,Protector Solar SPF50,Cuidado Personal,FarmaGlobal,1,22.05,11.82,22.05,76
959,2025-02-03,Omeprazol 20mg,Protectores Gástricos,BioGen Distribuciones,1,69.85,41.63,69.85,95
960,2025-05-15,Protector Solar SPF50,Cuidado Personal,Quimica Sur,5,73.78,50.88,368.9,18
961,2025-05-27,Atorvastatina 20mg,Colesterol,Quimica Sur,2,55.7,29.64,111.4,140
962,2025-03-15,Vitamina C 1000mg,Vitaminas,FarmaGlobal,5,8.26,6.6,41.3,151
963,2025-05-02,Omeprazol 20mg,Protectores Gástricos,Quimica Sur,5,53.39,32.2,266.95,130
964,2025-02-25,Ibuprofeno 600mg,Antiinflamatorios,Medisuministros,1,60.41,47.79,60.41,179
965,2024-10-21,Crema Hidratante,Cuidado Personal,BioGen Distribuciones,5,4.35,3.08,21.75,161
966,2025-02-04,Vitamina C 1000mg,Vitaminas,BioGen Distribuciones,4,35.48,28.01,141.92,75
967,2025-03-03,Metformina 850mg,Diabetes,SaludVital,4,27.83,20.11,111.32,176
968,2025-04-28,Loratadina 10mg,Antihistamínicos,SaludVital,2,75.74,39.85,151.48,85
969,2024-08-07,Vitamina C 1000mg,Vitaminas,SaludVital,1,65.64,42.52,65.64,151
970,2024-08-14,Crema Hidratante,Cuidado Personal,SaludVital,4,78.12,48.66,312.48,159
971,2025-02-07,Crema Hidratante,Cuidado Personal,BioGen Distribuciones,1,79.04,46.19,79.04,55
972,2025-05-23,Loratadina 10mg,Antihistamínicos,FarmaGlobal,2,12.96,9.89,25.92,88
973,2024-10-13,Vitamina C 1000mg,Vitaminas,FarmaGlobal,4,41.0,32.36,164.0,37
974,2025-01-10,Atorvastatina 20mg,Colesterol,SaludVital,3,25.38,17.02,76.14,161
975,2025-02-09,Amoxicilina 875mg,Antibióticos,BioGen Distribuciones,2,32.98,19.88,65.96,199
976,2025-01-03,Ibuprofeno 600mg,Antiinflamatorios,BioGen Distribuciones,5,59.02,32.28,295.1,166
977,2024-08-23,Salbutamol Inhalador,Asma,Medisuministros,5,63.64,35.0,318.2,59
978,2025-04-15,Ibuprofeno 600mg,Antiinflamatorios,FarmaGlobal,4,42.77,28.91,171.08,40
979,2024-11-28,Tiras Reactivas Glucosa,Equipos de Medición,Quimica Sur,2,50.62,26.16,101.24,3
980,2025-05-01,Vitamina C 1000mg,Vitaminas,Medisuministros,1,50.43,28.1,50.43,82
981,2024-11-07,Atorvastatina 20mg,Colesterol,SaludVital,1,79.78,40.19,79.78,138
982,2025-06-21,Tiras Reactivas Glucosa,Equipos de Medición,SaludVital,1,65.79,39.35,65.79,25
983,2025-04-01,Diazepam 5mg,Ansiolíticos,SaludVital,3,40.0,31.97,120.0,197
984,2024-11-07,Salbutamol Inhalador,Asma,BioGen Distribuciones,5,10.5,7.55,52.5,198
985,2024-10-29,Enjuague Bucal,Higiene Bucal,Medisuministros,1,60.73,34.34,60.73,70
986,2024-08-24,Tiras Reactivas Glucosa,Equipos de Medición,SaludVital,3,74.96,43.52,224.88,178
987,2025-02-20,Loratadina 10mg,Antihistamínicos,Medisuministros,3,2.59,1.51,7.77,39
988,2024-12-13,Diazepam 5mg,Ansiolíticos,Quimica Sur,2,66.84,40.93,133.68,5
989,2025-04-13,Crema Hidratante,Cuidado Personal,Medisuministros,3,70.56,51.55,211.68,81
990,2025-06-18,Salbutamol Inhalador,Asma,Quimica Sur,4,59.32,39.64,237.28,176
991,2025-01-18,Atorvastatina 20mg,Colesterol,SaludVital,5,4.95,3.42,24.75,131
992,2024-11-20,Omeprazol 20mg,Protectores Gástricos,FarmaGlobal,1,12.95,10.01,12.95,26
993,2025-05-03,Paracetamol 500mg,Analgésicos,Medisuministros,3,53.12,40.75,159.36,97
994,2025-05-06,Omeprazol 20mg,Protectores Gástricos,FarmaGlobal,5,76.64,49.42,383.2,35
995,2025-04-23,Loratadina 10mg,Antihistamínicos,SaludVital,3,4.84,3.25,14.52,116
996,2024-09-13,Crema Hidratante,Cuidado Personal,FarmaGlobal,2,65.23,41.85,130.46,42
997,2024-11-11,Protector Solar SPF50,Cuidado Personal,BioGen Distribuciones,3,37.02,24.23,111.06,0
998,2025-01-08,Protector Solar SPF50,Cuidado Personal,Medisuministros,3,75.22,53.87,225.66,162
999,2024-08-15,Enjuague Bucal,Higiene Bucal,Quimica Sur,4,6.97,5.38,27.88,145
1000,2025-03-31,Enjuague Bucal,Higiene Bucal,SaludVital,4,72.24,45.21,288.96,1
